"Source","Target","Weight"
0,1,11
0,3,133
0,4,20
0,5,6
0,6,224
0,7,9437
0,8,42
0,9,21059
0,10,13
0,11,62
0,12,6
0,13,24044
0,14,8
0,15,16758
0,16,56
0,17,23
0,19,11
0,20,429
0,21,617
0,22,10
0,23,148
0,24,163
0,25,3
0,27,1392
0,28,1
0,29,8465
0,30,19262
0,32,52
0,33,948
0,34,948
0,35,77
0,36,202
0,37,106
0,38,43
0,39,2
0,40,2
0,41,1
0,43,42
0,44,38
0,45,73
0,46,102
0,48,2
0,49,5
0,50,32
0,51,5212
0,52,11
0,53,310
0,54,105
0,55,227
0,56,5
0,57,14
0,58,3
0,59,4
0,60,441
0,61,1
0,62,6
0,65,2
0,66,11
0,67,70
0,68,1
0,69,14
0,70,2
0,71,1
0,72,3
0,74,34
0,75,1
0,76,653
0,77,5
0,78,6
0,79,6
0,80,10
0,81,440
0,83,3
0,84,64
0,85,1
0,88,3455
0,89,2
0,95,1
0,96,18
0,97,1
0,98,3
0,99,5
0,100,4
0,101,8
0,102,4
0,103,223
0,104,1
0,105,1
0,106,227
0,108,43
0,109,1
0,110,36
0,114,3
0,115,4
0,116,4
0,118,12
0,121,8
0,123,9
0,124,235
0,129,54
0,135,583
0,136,8464
0,140,193
0,144,675
0,154,1
0,155,3
0,156,5
0,157,11
0,158,2702
0,159,30
0,160,9
0,161,1
0,162,17
0,163,2
0,164,1
0,165,3
0,166,1
0,167,15
0,169,664
0,170,24
0,171,203
0,174,443
1,2,470
1,3,1
1,4,576
1,5,232
1,6,3
1,7,30
1,8,4
1,9,2
1,10,2477
1,11,1967
1,12,750
1,13,369
1,14,2489
1,16,3
1,17,5
1,18,18
1,19,80
1,20,8
1,21,408
1,22,705
1,23,1
1,24,9
1,25,114
1,27,285
1,28,56
1,29,37
1,30,1
1,31,151
1,32,781
1,33,1271
1,34,1271
1,35,10
1,38,113
1,39,784
1,40,784
1,41,9
1,42,33
1,43,1
1,44,146
1,45,11
1,46,1
1,47,935
1,48,92
1,49,423
1,50,91
1,52,1929
1,53,6
1,54,1
1,55,12
1,56,13
1,57,15
1,58,7
1,59,1413
1,61,1389
1,62,76
1,63,599
1,64,47
1,65,792
1,66,55
1,69,4
1,70,34
1,71,17
1,72,3437
1,73,98
1,74,41
1,75,1162
1,77,179
1,78,141
1,79,141
1,84,2
1,85,23
1,89,485
1,90,93
1,91,156
1,92,488
1,93,37
1,96,41
1,97,2
1,98,14
1,99,11
1,100,46
1,102,2
1,104,171
1,105,25
1,108,108
1,109,1
1,110,29
1,111,2
1,112,1
1,113,20
1,114,19
1,115,126
1,116,1
1,117,11
1,119,3
1,120,6
1,121,11
1,122,130
1,123,50
1,124,1
1,125,21
1,126,5
1,130,8
1,132,9
1,137,210
1,140,1
1,141,2
1,142,2
1,143,17
1,145,143
1,146,4
1,147,2
1,149,3
1,152,1
1,153,1
1,157,243
1,158,458
1,159,1
1,162,9
1,165,5
1,167,3
1,170,5
2,4,3
2,5,24
2,7,1
2,8,3
2,9,5
2,10,11
2,11,59
2,12,194
2,13,1
2,14,33
2,16,7
2,17,1
2,18,4
2,19,63
2,21,9
2,22,7
2,23,1
2,24,18
2,25,7
2,26,2
2,27,6
2,28,14
2,30,1
2,33,12
2,34,12
2,35,3
2,38,2
2,39,21
2,40,21
2,41,14
2,42,31
2,43,1
2,44,63
2,45,3
2,46,1
2,47,620
2,48,6
2,49,18
2,50,8
2,52,2
2,53,2
2,54,10
2,55,6
2,56,45
2,57,31
2,58,42
2,59,3
2,61,12
2,63,145
2,64,2
2,65,98
2,66,6
2,67,4
2,69,2
2,70,5
2,71,2
2,72,390
2,73,12
2,74,7
2,75,174
2,77,2
2,78,23
2,79,23
2,80,5
2,84,4
2,85,3
2,89,49
2,90,10
2,91,9
2,92,8
2,93,33
2,94,1
2,96,93
2,97,3
2,98,5
2,99,4
2,100,1
2,101,1
2,102,5
2,104,14
2,105,5
2,107,2
2,108,46
2,109,5
2,110,48
2,111,7
2,112,13
2,113,3
2,114,162
2,115,3
2,117,28
2,118,2
2,119,11
2,120,3
2,121,1
2,122,17
2,123,36
2,125,9
2,126,3
2,128,9
2,130,78
2,131,1
2,132,19
2,133,1
2,136,4
2,137,9
2,140,1
2,141,3
2,142,164
2,143,5
2,145,12
2,146,1
2,150,5
2,151,1
2,152,4
2,157,35
2,158,19
2,170,1
3,4,1
3,6,12
3,7,337
3,8,24
3,9,141
3,11,1
3,13,289
3,14,1
3,15,17
3,16,3
3,17,76
3,18,1
3,20,3
3,21,70
3,23,309
3,24,53
3,25,6
3,27,298
3,28,1
3,29,2
3,30,24
3,32,1
3,33,70
3,34,70
3,35,22
3,36,87
3,37,54
3,38,4
3,39,5
3,40,5
3,43,126
3,44,1
3,45,13
3,46,68
3,47,1
3,49,4
3,50,80
3,51,13
3,53,22
3,54,93
3,55,67
3,59,1
3,60,10
3,63,4
3,66,1
3,67,554
3,68,11
3,69,48
3,70,1
3,71,1
3,74,9
3,76,141
3,78,2
3,79,2
3,80,32
3,81,45
3,84,47
3,85,3
3,86,1
3,87,5
3,88,13
3,89,1
3,90,3
3,92,1
3,93,1
3,94,15
3,95,2
3,99,1
3,100,2
3,101,8
3,103,21
3,106,139
3,109,15
3,114,1
3,115,2
3,116,2
3,121,13
3,124,9
3,126,1
3,127,1
3,129,9
3,132,1
3,135,4
3,136,62
3,139,1
3,140,2
3,144,17
3,157,29
3,158,172
3,159,3
3,169,141
3,170,76
3,171,87
3,174,10
4,5,1461
4,6,2
4,7,23
4,8,2
4,9,29
4,10,642
4,11,249
4,12,13
4,13,187
4,14,623
4,16,20
4,17,2
4,18,12
4,19,352
4,21,35
4,22,74
4,23,5
4,24,15
4,25,53
4,26,4
4,27,99
4,28,9
4,29,2
4,30,4
4,31,72
4,32,199
4,33,1286
4,34,1286
4,35,33
4,36,5
4,38,349
4,39,46
4,40,46
4,41,1
4,42,2
4,43,1
4,44,288
4,45,2
4,46,1
4,47,15
4,48,830
4,49,871
4,50,5
4,52,188
4,53,3
4,54,24
4,55,5
4,56,6
4,57,15
4,58,30
4,59,38
4,60,1
4,61,56
4,62,26
4,63,13
4,64,12
4,65,32
4,66,1204
4,67,23
4,68,1
4,69,6
4,72,12
4,73,3
4,74,4
4,75,300
4,76,2
4,77,416
4,78,40
4,79,40
4,80,2
4,82,7
4,83,8
4,84,3
4,85,1
4,86,2
4,87,2
4,88,1
4,89,199
4,91,9
4,92,105
4,93,3
4,94,3
4,95,1
4,96,8
4,97,1
4,98,8
4,99,3
4,100,38
4,103,2
4,104,49
4,105,2
4,106,1
4,108,38
4,109,2
4,110,9
4,113,1
4,114,4
4,115,109
4,116,1
4,120,1
4,121,14
4,122,1
4,123,2
4,124,1
4,129,4
4,130,1
4,133,3
4,135,5
4,136,7
4,139,1
4,140,3
4,142,2
4,143,31
4,144,1
4,149,1
4,150,1
4,151,1
4,152,2
4,153,3
4,154,1
4,157,83
4,158,55
4,162,8
4,166,2
4,167,9
4,169,2
4,170,2
4,171,5
4,174,1
5,6,3
5,7,40
5,8,4
5,9,1
5,10,123
5,11,99
5,12,34
5,13,168
5,14,1213
5,16,7
5,17,1
5,19,314
5,21,17
5,22,142
5,23,2
5,24,3
5,25,3
5,27,271
5,29,4
5,30,7
5,31,2333
5,32,111
5,33,1294
5,34,1294
5,35,14
5,36,4
5,38,26
5,39,186
5,40,186
5,41,3
5,42,4
5,44,444
5,45,3
5,47,46
5,48,901
5,49,516
5,52,267
5,53,1
5,54,7
5,55,5
5,56,1
5,57,2
5,58,12
5,59,340
5,60,7
5,61,30
5,62,64
5,63,29
5,64,89
5,65,43
5,66,1519
5,67,4
5,71,2
5,72,8
5,73,8
5,74,1
5,75,735
5,76,1
5,77,824
5,78,81
5,79,81
5,81,1
5,82,6
5,83,3
5,84,1
5,85,3
5,86,8
5,89,384
5,91,50
5,92,199
5,93,1
5,95,1
5,96,49
5,98,8
5,99,10
5,100,27
5,104,326
5,105,1
5,108,8
5,109,2
5,110,63
5,114,27
5,115,29
5,116,1
5,121,1
5,122,1
5,124,2
5,125,1
5,127,1
5,131,1
5,137,1
5,141,2
5,143,11
5,145,4
5,146,2
5,152,3
5,153,6
5,154,1
5,157,6
5,158,62
5,159,6
5,160,3
5,161,9
5,162,11
5,165,16
5,166,208
5,167,20
5,169,1
5,170,1
5,171,4
5,174,7
6,7,125
6,8,10414
6,9,62
6,10,2
6,11,2
6,12,8
6,13,1324
6,14,9
6,15,7
6,16,137
6,17,727
6,18,3
6,19,15
6,20,6320
6,21,1880
6,23,2781
6,24,615
6,25,3
6,26,7
6,27,7428
6,28,17
6,29,68
6,30,269
6,31,10
6,32,19
6,33,854
6,34,854
6,35,518
6,36,83
6,37,9
6,38,50
6,39,10
6,40,10
6,41,11
6,42,11
6,43,6
6,44,9
6,45,833
6,46,8
6,48,2
6,49,13
6,51,11
6,52,8
6,53,1182
6,54,149
6,55,29
6,56,15
6,57,1
6,58,1
6,60,4235
6,61,1
6,63,6
6,64,6
6,65,2
6,66,42
6,67,115
6,69,202
6,70,34
6,71,8
6,74,1800
6,75,1
6,76,377
6,77,34
6,78,4
6,79,4
6,80,7
6,81,288
6,84,8
6,85,13
6,87,8
6,88,3
6,90,2
6,91,1
6,96,9
6,97,2
6,99,2
6,101,170
6,103,12
6,105,1
6,106,5
6,107,2
6,109,21
6,110,9
6,114,2
6,121,39
6,122,1
6,123,6
6,124,947
6,129,3
6,130,1
6,132,63
6,133,3
6,134,1
6,135,5
6,136,5
6,140,12
6,144,12
6,152,2
6,154,629
6,157,84
6,158,60921
6,159,81
6,160,3
6,167,1
6,169,377
6,170,727
6,171,83
6,174,4235
7,8,54
7,9,24227
7,10,6
7,11,30
7,12,6
7,13,33367
7,14,15
7,15,205
7,16,35
7,17,8
7,19,32
7,20,277
7,21,427
7,22,16
7,23,251
7,24,131
7,25,3
7,27,3687
7,29,413
7,30,433
7,31,33
7,32,190
7,33,4446
7,34,4446
7,35,156
7,36,62
7,37,343
7,38,184
7,39,14
7,40,14
7,41,4
7,43,69
7,44,1434
7,45,37
7,46,110
7,48,11
7,49,67
7,50,24
7,51,53
7,52,27
7,53,157
7,54,178
7,55,107
7,56,7
7,57,6
7,58,6
7,59,11
7,60,99
7,61,5
7,62,39
7,63,9
7,64,6
7,65,75
7,66,555
7,67,339
7,68,1
7,69,4
7,70,1
7,71,7
7,72,4
7,73,3
7,74,27
7,75,19
7,76,167
7,77,38
7,78,4
7,79,4
7,80,6
7,81,164
7,82,1
7,84,79
7,85,2
7,88,3493
7,89,9
7,91,14
7,92,28
7,93,1
7,96,9
7,97,3
7,98,5
7,99,2
7,100,1
7,101,3
7,102,1
7,103,19
7,104,9
7,105,2
7,106,426
7,108,14
7,110,4
7,114,4
7,115,13
7,118,2
7,121,11
7,123,13
7,124,165
7,129,207
7,135,655
7,136,10598
7,137,2
7,140,610
7,141,2
7,142,1
7,143,1
7,144,822
7,145,1
7,156,5
7,157,7
7,158,1491
7,159,42
7,160,3
7,161,51
7,162,33
7,165,10
7,166,16
7,167,38
7,169,170
7,170,9
7,171,62
7,174,101
8,9,141
8,11,3
8,12,2
8,13,141
8,14,7
8,15,26
8,16,217
8,17,1974
8,19,67
8,20,6604
8,21,2636
8,22,6
8,23,1461
8,24,1529
8,26,9
8,27,936
8,28,11
8,29,20
8,30,53
8,31,1
8,33,358
8,34,358
8,35,67
8,36,106
8,37,16
8,38,10
8,39,3
8,40,3
8,41,7
8,42,3
8,43,14
8,44,15
8,45,3075
8,46,15
8,47,6
8,48,6
8,49,17
8,50,12
8,51,54
8,52,3
8,53,1880
8,54,192
8,55,69
8,56,40
8,57,2
8,58,6
8,59,4
8,60,2579
8,65,1
8,66,97
8,67,231
8,68,2
8,69,183
8,70,47
8,71,23
8,74,1302
8,75,18
8,76,197
8,77,3
8,78,2
8,79,2
8,80,9
8,81,403
8,84,143
8,85,7
8,87,4
8,88,7
8,89,11
8,96,32
8,97,4
8,98,1
8,99,6
8,101,211
8,102,1
8,103,35
8,105,2
8,106,10
8,107,3
8,108,2
8,109,40
8,110,22
8,111,2
8,113,1
8,114,13
8,115,2
8,116,2
8,117,2
8,118,5
8,119,2
8,121,38
8,123,25
8,124,96
8,129,40
8,130,2
8,132,32
8,133,13
8,135,28
8,136,10
8,137,1
8,140,21
8,142,3
8,143,1
8,144,14
8,145,1
8,150,7
8,152,3
8,154,609
8,156,1
8,157,99
8,158,56781
8,159,9
8,160,14
8,164,2
8,169,199
8,170,1988
8,171,106
8,172,166
8,174,2579
9,11,7
9,12,7
9,13,15545
9,14,23
9,15,2754
9,16,83
9,17,338
9,19,92
9,20,57
9,21,583
9,22,1
9,23,353
9,24,574
9,25,68
9,27,624
9,28,11
9,29,153
9,30,3642
9,31,1
9,32,5
9,33,761
9,34,761
9,35,534
9,36,1992
9,37,2023
9,38,46
9,39,63
9,40,63
9,41,28
9,42,27
9,43,154
9,44,55
9,45,78
9,46,298
9,47,10
9,48,8
9,49,129
9,50,110
9,51,1284
9,52,2
9,53,121
9,54,1095
9,55,525
9,56,45
9,57,21
9,58,18
9,59,1
9,60,183
9,62,3
9,63,4
9,65,5
9,66,42
9,67,173
9,68,15
9,69,70
9,70,16
9,71,16
9,72,3
9,74,29
9,75,2
9,76,536
9,77,3
9,78,56
9,79,56
9,80,483
9,81,1477
9,84,634
9,85,8
9,87,2
9,88,32479
9,89,22
9,90,1
9,91,1
9,92,2
9,93,10
9,95,2
9,96,92
9,97,17
9,98,75
9,99,202
9,100,4
9,101,64
9,102,29
9,103,48
9,104,3
9,105,49
9,106,387
9,108,1
9,109,20
9,110,84
9,111,14
9,112,17
9,113,1
9,114,97
9,115,4
9,116,9
9,117,37
9,118,114
9,119,19
9,120,4
9,121,42
9,123,148
9,124,76
9,126,2
9,128,5
9,129,15309
9,130,20
9,133,1
9,135,37593
9,136,46491
9,138,1
9,140,14955
9,141,2
9,142,18
9,143,12
9,144,34818
9,145,2
9,150,6
9,151,1
9,152,18
9,154,13
9,155,1
9,156,14
9,157,121
9,158,1394
9,159,74
9,160,11
9,161,1
9,162,5
9,163,3
9,164,11
9,165,3
9,169,540
9,170,340
9,171,1995
9,174,183
10,11,4154
10,12,126
10,13,337
10,14,320
10,19,83
10,20,1
10,21,37
10,22,285
10,24,1
10,27,55
10,30,1
10,31,99
10,32,199
10,33,484
10,34,484
10,35,33
10,38,22
10,39,246
10,40,246
10,42,2
10,44,115
10,47,62
10,48,250
10,49,1119
10,50,3
10,52,1233
10,53,2
10,54,2
10,55,1
10,56,1
10,57,8
10,58,10
10,59,504
10,60,1
10,61,288
10,62,22
10,63,82
10,64,236
10,65,222
10,66,72
10,67,1
10,71,1
10,72,110
10,73,11
10,74,8
10,75,184
10,77,139
10,78,12
10,79,12
10,82,2
10,85,1
10,89,24
10,90,150
10,91,31
10,92,190
10,93,1
10,96,1
10,98,3
10,99,1
10,100,42
10,102,1
10,104,24
10,105,6
10,107,1
10,108,88
10,111,1
10,112,1
10,115,185
10,116,1
10,123,6
10,124,1
10,128,1
10,137,32
10,143,1
10,145,2
10,152,2
10,157,1
10,158,50
10,159,3
10,162,2
10,174,1
11,12,1340
11,13,2121
11,14,68
11,15,1
11,16,1
11,17,1
11,18,28
11,19,139
11,20,5
11,21,17
11,22,795
11,24,1
11,25,37
11,27,59
11,28,17
11,29,3
11,30,1
11,31,64
11,32,1006
11,33,1274
11,34,1274
11,35,9
11,38,240
11,39,167
11,40,167
11,41,2
11,42,1
11,44,1962
11,45,2
11,46,1
11,47,16
11,48,1621
11,49,518
11,50,1
11,52,2498
11,53,2
11,54,2
11,56,5
11,57,31
11,58,17
11,59,611
11,61,2814
11,62,1108
11,63,106
11,64,913
11,65,861
11,66,102
11,67,2
11,68,2
11,69,1
11,70,1
11,72,17
11,73,6
11,74,1
11,75,136
11,77,29
11,78,56
11,79,56
11,85,4
11,89,204
11,90,28
11,91,489
11,92,246
11,96,11
11,98,5
11,100,10
11,102,1
11,104,25
11,105,11
11,108,196
11,110,21
11,112,1
11,113,1
11,114,20
11,115,49
11,117,1
11,121,1
11,122,1
11,123,6
11,130,13
11,136,1
11,141,1
11,142,6
11,143,12
11,152,1
11,157,81
11,158,35
11,159,5
11,160,1
11,161,90
11,162,19
11,165,1410
11,166,17
11,167,84
11,170,1
12,13,217
12,14,72
12,17,1
12,19,13
12,20,24
12,21,9
12,22,220
12,25,4
12,26,1
12,27,9
12,28,16
12,29,4
12,30,1
12,31,85
12,32,461
12,33,311
12,34,311
12,35,1
12,37,1
12,38,5
12,39,7
12,40,7
12,41,1
12,42,2
12,44,716
12,45,3
12,47,9
12,48,60
12,49,124
12,50,9
12,52,379
12,54,1
12,55,5
12,56,1
12,57,3
12,59,606
12,60,3
12,61,191
12,62,267
12,63,14
12,64,1039
12,65,1420
12,66,37
12,68,1
12,70,2
12,71,1
12,72,27
12,73,23
12,74,5
12,75,116
12,77,10
12,78,23
12,79,23
12,84,1
12,85,11
12,89,15
12,91,1118
12,92,52
12,93,6
12,96,15
12,98,8
12,99,5
12,100,2
12,104,127
12,105,1
12,108,6
12,110,22
12,113,4
12,114,26
12,115,12
12,116,4
12,117,1
12,120,2
12,121,9
12,122,3
12,123,8
12,124,1
12,125,3
12,126,3
12,130,10
12,135,1
12,136,6
12,137,6
12,140,2
12,141,2
12,142,2
12,143,5
12,144,1
12,145,7
12,146,2
12,157,29
12,158,45
12,161,1
12,165,1
12,167,1
12,170,1
12,174,3
13,14,128
13,15,620
13,16,231
13,17,44
13,18,1
13,19,22
13,20,3127
13,21,3654
13,22,200
13,23,154
13,24,107
13,25,1
13,26,1
13,27,7240
13,28,9
13,29,5280
13,30,2728
13,31,290
13,32,3277
13,33,12984
13,34,12984
13,35,329
13,36,70
13,37,23
13,38,2399
13,39,28
13,40,28
13,42,2
13,43,28
13,44,2034
13,45,194
13,46,89
13,47,1
13,48,91
13,49,99
13,50,28
13,51,101
13,52,812
13,53,615
13,54,220
13,55,46
13,57,8
13,58,2
13,59,122
13,60,716
13,61,18
13,62,387
13,63,6
13,64,112
13,65,400
13,66,188
13,67,236
13,68,2
13,69,14
13,70,6
13,71,13
13,72,3
13,73,4
13,74,298
13,75,13
13,76,185
13,77,109
13,78,5
13,79,5
13,80,1
13,81,7
13,82,2
13,83,6
13,84,2
13,85,3
13,86,1
13,88,1172
13,89,5
13,90,2
13,91,129
13,92,8
13,93,2
13,94,3
13,95,2
13,96,8
13,97,1
13,98,1
13,99,3
13,100,11
13,101,7
13,103,23
13,104,6
13,105,3
13,106,355
13,108,33
13,110,8
13,113,2
13,114,1
13,115,14
13,116,3
13,118,5
13,120,1
13,121,24
13,122,1
13,123,2
13,124,449
13,126,3
13,129,12
13,135,92
13,136,7988
13,139,1
13,140,27
13,142,1
13,144,183
13,152,1
13,153,4
13,156,17
13,157,25
13,158,10820
13,159,135
13,160,25
13,161,148
13,162,653
13,164,8
13,165,263
13,166,110
13,167,592
13,169,190
13,170,54
13,171,71
13,174,726
14,15,4
14,16,15
14,17,18
14,18,45
14,19,588
14,20,7
14,21,1178
14,22,38
14,23,8
14,24,26
14,25,445
14,26,10
14,27,359
14,28,102
14,29,13
14,30,1
14,31,445
14,32,73
14,33,4298
14,34,4298
14,35,68
14,36,2
14,37,1
14,38,127
14,39,716
14,40,716
14,41,26
14,42,86
14,43,5
14,44,257
14,45,19
14,46,1
14,47,304
14,48,397
14,49,1155
14,50,155
14,51,2
14,52,225
14,53,13
14,54,29
14,55,152
14,56,36
14,57,3
14,58,29
14,59,273
14,61,21
14,62,21
14,63,140
14,64,5
14,65,72
14,66,1638
14,67,9
14,68,2
14,69,37
14,70,11
14,71,22
14,72,369
14,73,42
14,74,261
14,75,409
14,76,2
14,77,295
14,78,1993
14,79,1993
14,80,12
14,82,305
14,83,470
14,84,13
14,85,73
14,86,238
14,87,16
14,88,1
14,89,1194
14,90,42
14,91,22
14,92,73
14,93,169
14,94,78
14,95,100
14,96,238
14,97,113
14,98,282
14,99,163
14,100,11
14,101,1
14,102,2
14,103,1
14,104,35
14,105,194
14,106,9
14,108,3
14,109,2
14,110,248
14,111,3
14,112,6
14,113,27
14,114,12
14,115,60
14,116,6
14,117,5
14,119,1
14,120,5
14,121,47
14,122,111
14,123,51
14,124,11
14,125,21
14,126,4
14,127,217
14,128,1
14,130,10
14,131,7
14,132,2
14,133,3
14,136,9
14,137,13
14,138,1
14,139,87
14,140,2
14,143,152
14,145,187
14,146,31
14,147,7
14,148,5
14,149,35
14,152,11
14,153,310
14,154,2
14,156,2
14,157,688
14,158,1377
14,159,6
14,162,10
14,166,4
14,167,1
14,169,2
14,170,20
14,171,2
15,16,1
15,17,12
15,20,4
15,21,2
15,23,66
15,24,110
15,27,86
15,29,967
15,30,3023
15,33,16
15,34,16
15,35,5
15,36,40
15,37,20
15,41,1
15,42,3
15,43,23
15,44,1
15,45,2
15,46,34
15,47,1
15,50,18
15,51,4435
15,53,8
15,54,3
15,55,426
15,56,6
15,57,2
15,58,2
15,60,10
15,67,3
15,69,1
15,71,1
15,72,1
15,74,2
15,76,166
15,78,6
15,79,6
15,80,13
15,81,3676
15,84,44
15,88,783
15,89,1
15,90,2
15,93,2
15,96,28
15,97,1
15,98,14
15,99,23
15,101,2
15,102,4
15,103,426
15,105,4
15,106,46
15,107,2
15,109,17
15,110,28
15,114,12
15,116,2
15,117,4
15,118,20
15,119,3
15,121,1
15,123,44
15,124,5
15,129,13
15,135,128
15,136,800
15,140,504
15,142,3
15,143,3
15,144,72
15,152,2
15,154,4
15,155,3
15,158,82
15,159,2
15,164,1
15,169,167
15,170,12
15,171,40
15,174,10
16,17,54
16,18,11
16,19,42
16,20,25
16,21,389
16,23,966
16,24,95
16,25,89
16,26,42
16,27,213
16,28,28
16,29,14
16,30,14
16,32,2
16,33,511
16,34,511
16,35,511
16,36,97
16,37,12
16,38,644
16,39,10
16,40,10
16,41,3
16,42,4
16,43,2
16,44,11
16,45,415
16,46,8
16,47,2
16,49,226
16,50,39
16,51,3
16,52,1
16,53,227
16,54,417
16,55,20
16,56,3
16,57,3
16,58,3
16,60,56
16,61,1
16,63,4
16,65,3
16,66,231
16,67,93
16,68,13
16,69,137
16,70,23
16,71,77
16,72,1
16,74,108
16,76,66
16,77,10
16,78,1
16,79,1
16,80,48
16,81,1
16,82,3
16,83,3
16,84,42
16,85,60
16,87,11
16,88,12
16,89,8
16,90,1
16,94,1
16,96,3
16,98,1
16,99,2
16,101,5
16,103,32
16,106,4
16,109,7
16,110,1
16,112,1
16,113,5
16,114,2
16,116,1
16,121,354
16,124,440
16,125,7
16,126,2
16,127,1
16,129,8
16,130,3
16,132,10
16,133,25
16,135,13
16,136,14
16,137,3
16,140,1
16,142,2
16,143,4
16,144,4
16,145,4
16,152,1
16,154,11
16,156,34
16,157,293
16,158,1896
16,159,69
16,160,650
16,161,1
16,162,30
16,164,14
16,165,1
16,166,3
16,167,2
16,169,66
16,170,54
16,171,98
16,172,3
16,174,57
17,18,54
17,19,65
17,20,411
17,21,1157
17,22,1
17,23,444
17,24,1454
17,25,19
17,26,8
17,27,1349
17,28,86
17,29,24
17,30,78
17,32,2
17,33,227
17,34,227
17,35,100
17,36,92
17,37,29
17,38,11
17,39,7
17,40,7
17,41,2
17,42,5
17,43,21
17,44,3
17,45,1409
17,46,8
17,47,3
17,49,36
17,50,4
17,51,14
17,52,1
17,53,393
17,54,228
17,55,95
17,56,27
17,57,4
17,58,3
17,59,3
17,60,25
17,63,4
17,65,1
17,66,12
17,67,53
17,68,6
17,69,980
17,70,286
17,71,4
17,72,1
17,74,82
17,75,1
17,76,1188
17,77,3
17,78,5
17,79,5
17,80,42
17,81,88
17,84,35
17,87,24
17,88,6
17,89,10
17,96,46
17,99,7
17,101,624
17,102,1
17,103,14
17,105,6
17,106,16
17,107,1
17,108,1
17,109,29
17,110,58
17,111,1
17,113,1
17,114,4
17,115,1
17,116,1
17,118,1
17,119,3
17,121,25
17,123,6
17,124,98
17,129,65
17,132,15
17,133,7
17,135,89
17,136,17
17,140,49
17,142,1
17,143,5
17,144,159
17,154,86
17,156,1
17,157,493
17,158,4973
17,159,10
17,160,3
17,162,2
17,164,1
17,167,1
17,169,1194
17,170,11845
17,171,92
17,172,12
17,174,25
18,19,12
18,21,284
18,24,14
18,25,131
18,26,148
18,27,8
18,28,450
18,33,11
18,34,11
18,35,22
18,38,1
18,39,39
18,40,39
18,41,11
18,42,14
18,43,2
18,45,75
18,47,17
18,49,143
18,50,98
18,53,23
18,54,1
18,55,41
18,56,91
18,57,4
18,58,1
18,61,6
18,62,2
18,63,16
18,65,1
18,66,4
18,67,2
18,68,26
18,69,446
18,70,104
18,71,19
18,72,21
18,73,15
18,74,168
18,75,1
18,77,1
18,78,8
18,79,8
18,84,1
18,85,52
18,87,139
18,89,50
18,90,1
18,91,2
18,92,5
18,93,3
18,96,26
18,98,25
18,99,54
18,101,1
18,102,1
18,105,9
18,108,5
18,109,9
18,110,43
18,112,3
18,113,171
18,114,1
18,116,6
18,117,3
18,118,2
18,119,1
18,120,3
18,121,108
18,122,4
18,123,7
18,125,1
18,126,2
18,132,18
18,133,38
18,137,7
18,142,1
18,143,37
18,145,65
18,146,1
18,152,1
18,153,1
18,156,3
18,157,2681
18,158,497
18,170,54
19,20,10
19,21,54
19,22,79
19,23,41
19,24,915
19,25,12
19,26,14
19,27,72
19,28,51
19,29,20
19,30,6
19,31,18
19,32,10
19,33,612
19,34,612
19,35,57
19,36,67
19,37,7
19,38,41
19,39,268
19,40,268
19,41,22
19,42,19
19,44,129
19,45,24
19,47,133
19,48,80
19,49,359
19,50,29
19,52,12
19,53,3
19,54,342
19,55,48
19,56,232
19,57,146
19,58,991
19,59,12
19,60,6
19,61,32
19,62,25
19,63,56
19,64,1
19,65,13
19,66,1167
19,67,117
19,69,23
19,70,13
19,71,6
19,72,17
19,73,7
19,74,7
19,75,33
19,76,7
19,77,166
19,78,169
19,79,169
19,80,72
19,81,1
19,82,97
19,83,16
19,84,76
19,85,13
19,86,3
19,87,10
19,88,10
19,89,913
19,90,5
19,91,5
19,92,5
19,93,1
19,95,7
19,96,226
19,97,10
19,98,94
19,99,38
19,100,11
19,101,1
19,103,7
19,104,4
19,105,209
19,107,2
19,108,47
19,109,70
19,110,238
19,111,4
19,112,8
19,113,3
19,114,165
19,115,13
19,116,1
19,117,3
19,118,1
19,120,4
19,121,21
19,123,113
19,124,5
19,125,4
19,127,5
19,128,6
19,129,11
19,130,2
19,132,6
19,133,19
19,135,15
19,136,8
19,139,1
19,140,41
19,141,7
19,142,34
19,143,83
19,144,4
19,145,26
19,146,5
19,150,12
19,151,2
19,152,28
19,153,11
19,154,6
19,157,139
19,158,182
19,159,1
19,165,1
19,166,1
19,169,8
19,170,65
19,171,67
19,174,6
20,21,3423
20,22,1
20,23,99
20,24,373
20,27,3117
20,29,531
20,30,380
20,31,5
20,32,70
20,33,780
20,34,780
20,35,44
20,36,50
20,38,126
20,39,2
20,40,2
20,41,1
20,42,2
20,44,8
20,45,148
20,46,3
20,47,4
20,48,3
20,49,3
20,50,2
20,51,19
20,52,7
20,53,718
20,54,24
20,55,7
20,56,2
20,57,2
20,60,10248
20,61,1
20,63,13
20,64,1
20,65,10
20,66,4
20,67,7
20,69,10
20,70,3
20,71,4
20,74,1293
20,76,153
20,77,6
20,81,37
20,84,7
20,85,2
20,88,12
20,91,11
20,94,1
20,96,11
20,98,1
20,99,1
20,101,45
20,103,2
20,106,8
20,109,1
20,110,18
20,114,1
20,116,1
20,121,3
20,123,1
20,124,1579
20,126,1
20,129,2
20,132,2
20,135,1
20,136,6
20,139,1
20,142,1
20,154,24
20,156,1
20,157,5
20,158,51544
20,159,4
20,160,2
20,162,23
20,167,3
20,169,153
20,170,411
20,171,50
20,172,1
20,174,10248
21,22,6
21,23,185
21,24,1093
21,25,896
21,26,139
21,27,4726
21,28,378
21,29,974
21,30,487
21,31,15
21,32,140
21,33,4220
21,34,4220
21,35,1452
21,36,200
21,37,19
21,38,549
21,39,283
21,40,283
21,41,27
21,42,44
21,43,23
21,44,22
21,45,7393
21,46,29
21,47,82
21,48,27
21,49,224
21,50,1758
21,51,26
21,52,38
21,53,901
21,54,698
21,55,716
21,56,31
21,57,3
21,58,8
21,59,5
21,60,845
21,61,1
21,62,10
21,63,163
21,65,14
21,66,100
21,67,270
21,68,52
21,69,1503
21,70,479
21,71,221
21,72,54
21,73,3
21,74,5692
21,75,37
21,76,262
21,77,27
21,78,100
21,79,100
21,80,101
21,81,18
21,82,21
21,83,51
21,84,153
21,85,166
21,86,25
21,87,223
21,88,24
21,89,49
21,90,11
21,91,1
21,92,1
21,93,94
21,94,154
21,95,370
21,96,109
21,97,4
21,98,25
21,99,46
21,100,4
21,101,56
21,102,5
21,103,13
21,104,3
21,105,30
21,106,82
21,107,2
21,108,1
21,109,21
21,110,131
21,111,17
21,112,19
21,113,61
21,114,20
21,115,7
21,116,2
21,117,3
21,118,13
21,119,6
21,120,1
21,121,708
21,122,34
21,123,24
21,124,1154
21,125,38
21,126,29
21,127,28
21,129,17
21,130,1
21,131,3
21,132,9
21,133,27
21,134,1
21,135,45
21,136,98
21,137,5
21,139,132
21,140,9
21,142,1
21,143,14
21,144,64
21,145,479
21,146,9
21,148,3
21,149,17
21,153,9
21,154,19
21,156,107
21,157,2868
21,158,54182
21,159,180
21,160,42
21,161,1
21,162,49
21,164,22
21,166,1
21,167,11
21,169,262
21,170,1158
21,171,200
21,174,845
22,24,1
22,25,2
22,27,51
22,28,3
22,29,1
22,31,277
22,32,1287
22,33,513
22,34,513
22,38,49
22,39,111
22,40,111
22,41,4
22,42,4
22,44,160
22,47,13
22,48,51
22,49,67
22,52,2054
22,54,1
22,55,2
22,57,10
22,58,8
22,59,647
22,61,769
22,62,57
22,63,25
22,64,362
22,65,65
22,66,28
22,67,2
22,72,38
22,73,36
22,74,1
22,75,40
22,77,28
22,78,10
22,79,10
22,89,44
22,90,14
22,91,447
22,92,232
22,94,1
22,96,2
22,99,1
22,100,25
22,102,1
22,104,62
22,105,1
22,106,1
22,108,47
22,110,1
22,112,1
22,113,1
22,114,9
22,115,26
22,116,1
22,117,1
22,120,1
22,123,1
22,126,1
22,130,8
22,132,1
22,137,10
22,139,2
22,142,4
22,143,6
22,145,1
22,153,1
22,157,7
22,158,14
22,167,1
22,170,1
23,24,463
23,25,1
23,26,5
23,27,4652
23,28,32
23,29,2
23,30,23
23,31,1
23,32,4
23,33,472
23,34,472
23,35,214
23,36,366
23,37,46
23,38,98
23,39,67
23,40,67
23,41,13
23,42,6
23,43,48
23,44,8
23,45,231
23,46,27
23,49,14
23,50,9
23,51,22
23,52,4
23,53,456
23,54,116
23,55,133
23,56,3
23,58,6
23,60,116
23,62,4
23,66,64
23,67,576
23,68,2
23,69,314
23,70,9
23,71,2
23,73,1
23,74,274
23,75,2
23,76,1672
23,77,7
23,78,2
23,79,2
23,80,71
23,81,1010
23,84,12
23,85,18
23,87,2
23,88,11
23,89,31
23,90,16
23,93,6
23,96,34
23,98,2
23,99,11
23,100,1
23,101,108
23,103,228
23,104,1
23,105,1
23,106,14
23,107,1
23,109,161
23,110,10
23,111,1
23,112,4
23,114,88
23,116,4
23,119,2
23,121,32
23,123,3
23,124,404
23,128,4
23,129,20
23,132,30
23,133,12
23,135,14
23,136,22
23,140,266
23,142,15
23,143,3
23,144,9
23,150,48
23,152,35
23,154,703
23,156,8
23,157,77
23,158,5190
23,159,15
23,160,3
23,162,2
23,169,1672
23,170,444
23,171,366
23,172,1
23,174,116
24,25,18
24,26,16
24,27,669
24,28,56
24,29,184
24,30,127
24,33,376
24,34,376
24,35,198
24,36,500
24,37,65
24,38,19
24,39,22
24,40,22
24,41,18
24,42,14
24,43,71
24,44,7
24,45,620
24,46,17
24,47,29
24,49,65
24,50,249
24,51,33
24,52,1
24,53,178
24,54,1257
24,55,385
24,56,214
24,57,93
24,58,172
24,59,2
24,60,68
24,61,1
24,62,4
24,63,19
24,65,4
24,66,77
24,67,209
24,68,4
24,69,448
24,70,84
24,71,45
24,72,13
24,73,2
24,74,224
24,75,3
24,76,350
24,77,5
24,78,14
24,79,14
24,80,147
24,81,116
24,82,9
24,83,3
24,84,183
24,85,25
24,87,8
24,88,90
24,89,62
24,90,7
24,91,1
24,92,1
24,93,12
24,94,9
24,95,30
24,96,86
24,97,37
24,98,12
24,99,16
24,100,1
24,101,140
24,102,16
24,103,130
24,105,47
24,106,12
24,107,6
24,108,10
24,109,81
24,110,97
24,111,8
24,112,6
24,113,3
24,114,22
24,115,1
24,116,7
24,118,9
24,119,3
24,120,3
24,121,68
24,122,3
24,123,193
24,124,94
24,125,8
24,126,2
24,127,1
24,129,57
24,130,5
24,132,16
24,133,11
24,135,134
24,136,89
24,137,1
24,139,4
24,140,216
24,141,2
24,142,17
24,143,5
24,144,79
24,145,53
24,146,2
24,150,1
24,152,6
24,154,84
24,156,2
24,157,252
24,158,3792
24,159,18
24,160,3
24,162,1
24,164,3
24,169,350
24,170,1454
24,171,500
24,174,68
25,26,87
25,27,23
25,28,583
25,31,1
25,33,38
25,34,38
25,35,72
25,36,2
25,37,6
25,38,4
25,39,35
25,40,35
25,41,71
25,42,31
25,43,1
25,44,1
25,45,47
25,46,7
25,47,88
25,48,1
25,49,282
25,50,799
25,51,1
25,52,5
25,53,26
25,54,10
25,55,69
25,56,70
25,58,1
25,59,13
25,61,4
25,63,19
25,66,81
25,68,64
25,69,599
25,70,92
25,71,29
25,72,60
25,73,3
25,74,123
25,75,8
25,77,14
25,78,98
25,79,98
25,80,30
25,84,39
25,85,85
25,87,11
25,88,17
25,89,75
25,90,4
25,92,1
25,93,2
25,94,12
25,95,2
25,96,24
25,98,68
25,99,177
25,100,1
25,104,1
25,105,41
25,106,2
25,109,16
25,110,24
25,111,10
25,112,1
25,113,315
25,114,6
25,115,2
25,116,1
25,117,3
25,118,6
25,121,401
25,122,111
25,123,5
25,124,1
25,125,46
25,126,15
25,129,37
25,130,4
25,131,3
25,133,63
25,134,1
25,135,6
25,136,3
25,137,6
25,140,2
25,143,9
25,144,14
25,145,202
25,146,6
25,147,3
25,148,2
25,149,4
25,156,32
25,157,6684
25,158,1039
25,159,2
25,160,4
25,164,1
25,170,19
25,171,2
26,27,2
26,28,133
26,33,5
26,34,5
26,35,17
26,38,1
26,39,2
26,40,2
26,41,3
26,42,5
26,45,304
26,49,36
26,50,1
26,53,7
26,54,43
26,55,3
26,56,13
26,59,1
26,66,30
26,67,1
26,68,11
26,69,550
26,70,33
26,71,9
26,72,1
26,73,1
26,74,28
26,77,1
26,81,2
26,85,34
26,87,89
26,89,6
26,90,1
26,96,2
26,98,1
26,99,5
26,105,2
26,109,27
26,110,2
26,113,26
26,114,7
26,118,1
26,121,48
26,123,1
26,125,5
26,130,1
26,132,3
26,133,145
26,143,1
26,146,1
26,150,2
26,152,2
26,156,1
26,157,1494
26,158,440
26,159,1
26,160,2
26,170,8
27,28,23
27,29,340
27,30,912
27,31,344
27,32,247
27,33,7975
27,34,7975
27,35,1027
27,36,130
27,37,25
27,38,455
27,39,963
27,40,963
27,41,47
27,42,125
27,43,109
27,44,78
27,45,245
27,46,98
27,47,228
27,48,19
27,49,108
27,50,105
27,51,118
27,52,105
27,53,1929
27,54,78
27,55,147
27,56,11
27,57,16
27,58,19
27,59,81
27,60,1495
27,61,11
27,62,67
27,63,812
27,64,2
27,65,43
27,66,104
27,67,260
27,68,18
27,69,344
27,70,63
27,71,44
27,72,69
27,73,203
27,74,804
27,75,13
27,76,4122
27,77,222
27,78,94
27,79,94
27,80,18
27,81,383
27,82,3
27,83,3
27,84,7
27,85,85
27,86,2
27,87,6
27,88,68
27,89,252
27,90,440
27,91,151
27,92,106
27,93,26
27,94,20
27,95,1
27,96,146
27,97,4
27,98,8
27,99,29
27,100,3
27,101,209
27,102,8
27,103,71
27,104,7
27,105,6
27,106,644
27,107,10
27,108,17
27,109,20
27,110,90
27,111,10
27,112,15
27,113,6
27,114,12
27,115,12
27,116,20
27,117,9
27,118,2
27,120,57
27,121,63
27,122,45
27,123,27
27,124,4147
27,125,5
27,126,29
27,127,3
27,128,2
27,129,5
27,130,4
27,131,1
27,132,235
27,134,5
27,135,16
27,136,188
27,137,57
27,139,3
27,140,48
27,141,1
27,142,2
27,143,143
27,144,13
27,145,5
27,146,4
27,147,1
27,148,1
27,149,3
27,152,10
27,153,1
27,154,201
27,155,1
27,156,11
27,157,220
27,158,20946
27,159,150
27,160,12
27,161,11
27,162,44
27,164,12
27,166,26
27,167,23
27,169,4145
27,170,1365
27,171,130
27,172,2
27,174,1497
28,29,2
28,30,2
28,33,43
28,34,43
28,35,63
28,38,5
28,39,81
28,40,81
28,41,48
28,42,82
28,43,3
28,44,6
28,45,170
28,46,2
28,47,97
28,48,1
28,49,91
28,50,102
28,52,5
28,53,14
28,54,34
28,55,176
28,56,214
28,57,8
28,58,8
28,59,11
28,61,4
28,63,15
28,65,5
28,66,25
28,68,45
28,69,555
28,70,322
28,71,17
28,72,41
28,73,25
28,74,111
28,75,9
28,77,4
28,78,80
28,79,80
28,80,3
28,81,11
28,82,2
28,84,6
28,85,355
28,86,2
28,87,126
28,89,60
28,90,9
28,92,1
28,95,6
28,96,312
28,97,5
28,98,175
28,99,354
28,101,1
28,102,7
28,104,1
28,105,52
28,106,1
28,107,1
28,108,7
28,109,94
28,110,346
28,111,17
28,112,30
28,113,402
28,114,142
28,115,1
28,116,6
28,117,15
28,118,8
28,119,10
28,120,9
28,121,116
28,122,3
28,123,32
28,125,11
28,126,14
28,128,1
28,129,1
28,130,6
28,132,9
28,133,150
28,135,1
28,136,3
28,137,12
28,140,5
28,141,2
28,142,7
28,143,43
28,144,2
28,145,44
28,146,7
28,150,14
28,151,1
28,152,24
28,153,1
28,154,4
28,157,5200
28,158,630
28,164,1
28,170,86
29,30,2996
29,31,1
29,32,30
29,33,409
29,34,409
29,35,37
29,36,3
29,38,25
29,39,1
29,40,1
29,41,3
29,42,1
29,43,4
29,44,7
29,45,40
29,46,4
29,47,3
29,48,1
29,49,3
29,50,9
29,51,479
29,52,1
29,53,52
29,54,9
29,55,17
29,56,5
29,57,13
29,58,4
29,59,3
29,60,120
29,62,1
29,63,1
29,66,2
29,67,2
29,69,15
29,70,7
29,71,21
29,72,1
29,74,120
29,75,3
29,76,20
29,77,2
29,78,1
29,79,1
29,81,1
29,83,3
29,88,13
29,93,4
29,96,2
29,97,3
29,98,1
29,101,2
29,102,2
29,103,3
29,105,1
29,106,11
29,107,3
29,108,1
29,110,2
29,117,1
29,118,2
29,120,2
29,121,16
29,123,35
29,124,144
29,132,1
29,135,8
29,136,46
29,139,2
29,144,1
29,156,9
29,157,21
29,158,2418
29,159,16
29,160,4
29,161,2
29,162,9
29,163,1
29,164,13
29,165,1
29,166,4
29,167,9
29,169,22
29,170,31
29,171,3
29,172,5
29,174,120
30,31,1
30,32,20
30,33,390
30,34,390
30,35,209
30,36,123
30,37,19
30,38,42
30,39,2
30,40,2
30,43,11
30,44,1
30,45,48
30,46,18
30,49,4
30,50,17
30,51,7825
30,52,4
30,53,250
30,54,85
30,55,70
30,58,2
30,59,3
30,60,377
30,65,2
30,66,5
30,67,12
30,69,6
30,70,2
30,71,1
30,74,26
30,76,612
30,77,5
30,78,2
30,79,2
30,80,3
30,81,47
30,84,7
30,88,1140
30,91,1
30,94,2
30,95,2
30,96,4
30,99,3
30,100,1
30,101,128
30,103,32
30,104,1
30,106,37
30,109,8
30,110,5
30,115,1
30,118,2
30,121,5
30,123,1
30,124,569
30,129,7
30,135,1044
30,136,255
30,140,31
30,142,3
30,144,18
30,154,5
30,156,2
30,157,4
30,158,2381
30,159,85
30,160,1
30,162,9
30,164,1
30,166,6
30,167,10
30,169,622
30,170,87
30,171,124
30,174,377
31,32,798
31,33,913
31,34,913
31,35,2
31,38,9
31,39,18
31,40,18
31,41,1
31,44,224
31,47,3
31,48,97
31,49,512
31,52,245
31,53,3
31,59,495
31,60,1
31,61,13
31,62,29
31,63,4
31,64,594
31,65,77
31,66,87
31,72,4
31,73,9
31,74,5
31,75,89
31,77,122
31,78,5
31,79,5
31,89,24
31,91,136
31,92,125
31,96,2
31,100,1
31,104,48
31,108,2
31,110,2
31,114,2
31,115,8
31,120,1
31,125,1
31,137,2
31,143,1
31,153,1
31,157,1
31,158,46
31,159,1
31,161,6
31,162,4
31,165,1
31,166,217
31,167,23
31,174,1
32,33,2650
32,34,2650
32,35,3
32,38,479
32,39,12
32,40,12
32,42,1
32,44,419
32,48,44
32,49,13
32,52,2721
32,53,6
32,54,3
32,57,1
32,59,207
32,60,1
32,61,45
32,62,306
32,63,3
32,64,346
32,65,992
32,66,14
32,67,2
32,69,1
32,71,7
32,72,3
32,73,10
32,74,1
32,75,9
32,76,3
32,77,17
32,88,1
32,89,3
32,90,1
32,91,604
32,92,20
32,100,2
32,104,17
32,106,1
32,108,3
32,115,13
32,126,2
32,137,1
32,149,1
32,153,1
32,157,1
32,158,318
32,160,2
32,161,49
32,162,134
32,165,90
32,166,46
32,167,1573
32,169,3
32,170,6
32,174,1
33,34,56179
33,35,777
33,36,212
33,37,29
33,38,3977
33,39,263
33,40,263
33,41,5
33,42,7
33,43,21
33,44,3299
33,45,269
33,46,20
33,47,22
33,48,555
33,49,1828
33,50,110
33,51,17
33,52,1326
33,53,414
33,54,710
33,55,172
33,56,19
33,57,9
33,58,34
33,59,278
33,60,172
33,61,54
33,62,872
33,63,48
33,64,163
33,65,367
33,66,4824
33,67,517
33,68,7
33,69,126
33,70,17
33,71,61
33,72,71
33,73,25
33,74,576
33,75,161
33,76,183
33,77,2301
33,78,106
33,79,106
33,80,88
33,81,11
33,82,7
33,83,8
33,84,55
33,85,41
33,86,1
33,87,7
33,88,77
33,89,306
33,90,9
33,91,190
33,92,79
33,93,13
33,94,8
33,95,10
33,96,11
33,98,9
33,99,30
33,100,67
33,101,22
33,103,62
33,104,40
33,105,14
33,106,128
33,108,53
33,109,18
33,110,17
33,112,3
33,113,10
33,114,9
33,115,74
33,116,2
33,121,123
33,122,12
33,123,5
33,124,378
33,125,3
33,126,2
33,127,4
33,128,1
33,129,58
33,130,2
33,131,1
33,132,1
33,133,6
33,135,55
33,136,237
33,137,6
33,139,1
33,140,26
33,141,1
33,142,4
33,143,47
33,144,43
33,145,35
33,146,7
33,149,1
33,150,1
33,153,1
33,154,9
33,156,8
33,157,175
33,158,7378
33,159,50
33,160,11
33,161,18
33,162,176
33,164,1
33,165,10
33,166,33
33,167,39
33,169,184
33,170,227
33,171,212
33,174,172
34,35,777
34,36,212
34,37,29
34,38,3977
34,39,263
34,40,263
34,41,5
34,42,7
34,43,21
34,44,3299
34,45,269
34,46,20
34,47,22
34,48,555
34,49,1828
34,50,110
34,51,17
34,52,1326
34,53,414
34,54,710
34,55,172
34,56,19
34,57,9
34,58,34
34,59,278
34,60,172
34,61,54
34,62,872
34,63,48
34,64,163
34,65,367
34,66,4824
34,67,517
34,68,7
34,69,126
34,70,17
34,71,61
34,72,71
34,73,25
34,74,576
34,75,161
34,76,183
34,77,2301
34,78,106
34,79,106
34,80,88
34,81,11
34,82,7
34,83,8
34,84,55
34,85,41
34,86,1
34,87,7
34,88,77
34,89,306
34,90,9
34,91,190
34,92,79
34,93,13
34,94,8
34,95,10
34,96,11
34,98,9
34,99,30
34,100,67
34,101,22
34,103,62
34,104,40
34,105,14
34,106,128
34,108,53
34,109,18
34,110,17
34,112,3
34,113,10
34,114,9
34,115,74
34,116,2
34,121,123
34,122,12
34,123,5
34,124,378
34,125,3
34,126,2
34,127,4
34,128,1
34,129,58
34,130,2
34,131,1
34,132,1
34,133,6
34,135,55
34,136,237
34,137,6
34,139,1
34,140,26
34,141,1
34,142,4
34,143,47
34,144,43
34,145,35
34,146,7
34,149,1
34,150,1
34,153,1
34,154,9
34,156,8
34,157,175
34,158,7378
34,159,50
34,160,11
34,161,18
34,162,176
34,164,1
34,165,10
34,166,33
34,167,39
34,169,184
34,170,227
34,171,212
34,174,172
35,36,214
35,37,35
35,38,227
35,39,71
35,40,71
35,41,23
35,42,9
35,43,4
35,44,14
35,45,154
35,46,15
35,47,3
35,48,4
35,49,889
35,50,106
35,51,9
35,52,2
35,53,166
35,54,1027
35,55,261
35,56,17
35,57,3
35,58,12
35,59,2
35,60,31
35,62,13
35,63,21
35,65,3
35,66,98
35,67,190
35,68,10
35,69,135
35,70,4
35,71,75
35,72,3
35,74,459
35,75,2
35,76,165
35,77,30
35,78,23
35,79,23
35,80,280
35,81,4
35,82,2
35,83,1
35,84,85
35,85,164
35,86,3
35,87,3
35,88,19
35,89,40
35,90,40
35,91,2
35,92,1
35,93,8
35,94,14
35,95,22
35,96,25
35,97,4
35,98,21
35,99,21
35,100,2
35,101,12
35,103,41
35,104,4
35,105,12
35,106,24
35,107,2
35,108,2
35,109,29
35,110,23
35,112,4
35,113,7
35,114,4
35,115,10
35,116,4
35,121,497
35,122,1
35,124,119
35,125,6
35,126,3
35,127,1
35,128,3
35,129,89
35,130,5
35,131,1
35,132,7
35,133,20
35,135,74
35,136,23
35,137,5
35,139,7
35,140,12
35,141,4
35,142,2
35,143,40
35,144,83
35,145,22
35,146,5
35,149,2
35,152,14
35,153,3
35,154,9
35,156,61
35,157,409
35,158,3170
35,159,2398
35,160,70
35,161,3
35,162,28
35,164,27
35,165,3
35,166,6
35,168,4
35,169,167
35,170,103
35,171,215
35,173,1
35,174,31
36,37,995
36,38,24
36,39,1
36,40,1
36,43,4
36,44,6
36,45,66
36,46,2
36,47,1
36,49,20
36,50,7
36,51,45
36,53,60
36,54,659
36,55,73
36,56,4
36,57,1
36,58,4
36,60,16
36,62,2
36,65,2
36,66,43
36,67,104
36,68,1
36,69,10
36,71,5
36,74,5
36,76,272
36,77,1
36,78,2
36,79,2
36,80,89
36,81,117
36,84,123
36,88,562
36,89,4
36,96,3
36,97,1
36,99,3
36,101,61
36,103,504
36,104,2
36,105,1
36,106,3
36,109,16
36,110,2
36,118,1
36,121,41
36,123,8
36,124,28
36,129,175
36,133,2
36,135,988
36,136,106
36,140,62
36,144,164
36,154,47
36,156,8
36,157,5
36,158,539
36,159,13
36,160,12
36,162,2
36,164,1
36,169,272
36,170,92
36,171,9677
36,174,16
37,38,1
37,39,1
37,40,1
37,41,2
37,43,7
37,45,5
37,46,33
37,47,1
37,48,1
37,49,12
37,50,10
37,51,14
37,53,2
37,54,84
37,55,62
37,56,3
37,58,1
37,60,3
37,65,1
37,67,17
37,68,1
37,69,11
37,71,1
37,76,40
37,78,1
37,79,1
37,80,116
37,81,92
37,84,238
37,88,280
37,89,10
37,90,1
37,93,1
37,99,8
37,101,6
37,103,14
37,105,2
37,106,14
37,107,3
37,109,5
37,116,1
37,121,11
37,123,1
37,124,1
37,129,500
37,130,1
37,135,1024
37,136,53
37,140,169
37,142,1
37,143,5
37,144,64
37,146,1
37,154,6
37,156,5
37,157,7
37,158,55
37,160,3
37,169,40
37,170,29
37,171,995
37,174,3
38,39,10
38,40,10
38,44,401
38,45,46
38,46,2
38,47,1
38,48,46
38,49,280
38,50,8
38,52,103
38,53,54
38,54,137
38,55,5
38,56,1
38,57,1
38,58,2
38,59,23
38,60,40
38,61,6
38,62,101
38,63,1
38,64,1
38,65,7
38,66,389
38,67,80
38,69,9
38,70,1
38,71,50
38,72,3
38,74,31
38,75,3
38,76,10
38,77,67
38,80,16
38,82,1
38,83,2
38,84,10
38,85,1
38,88,1
38,89,6
38,90,1
38,91,1
38,92,1
38,93,1
38,95,2
38,99,2
38,103,7
38,106,3
38,108,10
38,113,1
38,115,3
38,116,1
38,121,43
38,124,66
38,129,2
38,133,1
38,135,4
38,136,7
38,139,1
38,143,3
38,149,1
38,156,7
38,157,17
38,158,1124
38,159,28
38,160,29
38,161,17
38,162,1413
38,164,5
38,165,9
38,166,9
38,167,75
38,169,12
38,170,13
38,171,24
38,174,41
39,40,27775
39,41,56
39,42,240
39,44,27
39,45,1
39,46,10
39,47,374
39,48,12
39,49,117
39,50,59
39,52,28
39,53,9
39,54,7
39,55,171
39,56,44
39,57,7
39,58,92
39,59,37
39,60,1
39,61,58
39,62,3
39,63,307
39,65,5
39,66,7
39,67,5
39,68,11
39,69,34
39,70,10
39,71,20
39,72,419
39,73,38
39,74,125
39,75,39
39,76,5
39,77,16
39,78,774
39,79,774
39,80,4
39,81,6
39,84,7
39,85,80
39,86,1
39,89,783
39,90,821
39,91,9
39,92,56
39,93,1750
39,94,3
39,95,9
39,96,1046
39,97,139
39,98,167
39,99,226
39,100,6
39,102,8
39,104,4
39,105,66
39,106,4
39,107,41
39,108,24
39,109,8
39,110,1001
39,111,14
39,112,58
39,113,38
39,114,209
39,115,5
39,116,11
39,117,29
39,118,7
39,119,13
39,120,7
39,121,80
39,122,241
39,123,288
39,124,2
39,125,52
39,126,44
39,127,4
39,128,102
39,129,1
39,130,17
39,131,3
39,132,83
39,133,2
39,134,3
39,135,2
39,136,7
39,137,19
39,138,1
39,139,5
39,140,54
39,141,25
39,142,11
39,143,339
39,144,1
39,145,119
39,146,16
39,148,1
39,149,1
39,150,8
39,151,4
39,152,467
39,153,1
39,154,7
39,157,244
39,158,372
39,165,1
39,169,5
39,170,7
39,171,1
39,174,1
40,41,56
40,42,240
40,44,27
40,45,1
40,46,10
40,47,374
40,48,12
40,49,117
40,50,59
40,52,28
40,53,9
40,54,7
40,55,171
40,56,44
40,57,7
40,58,92
40,59,37
40,60,1
40,61,58
40,62,3
40,63,307
40,65,5
40,66,7
40,67,5
40,68,11
40,69,34
40,70,10
40,71,20
40,72,419
40,73,38
40,74,125
40,75,39
40,76,5
40,77,16
40,78,774
40,79,774
40,80,4
40,81,6
40,84,7
40,85,80
40,86,1
40,89,783
40,90,821
40,91,9
40,92,56
40,93,1750
40,94,3
40,95,9
40,96,1046
40,97,139
40,98,167
40,99,226
40,100,6
40,102,8
40,104,4
40,105,66
40,106,4
40,107,41
40,108,24
40,109,8
40,110,1001
40,111,14
40,112,58
40,113,38
40,114,209
40,115,5
40,116,11
40,117,29
40,118,7
40,119,13
40,120,7
40,121,80
40,122,241
40,123,288
40,124,2
40,125,52
40,126,44
40,127,4
40,128,102
40,129,1
40,130,17
40,131,3
40,132,83
40,133,2
40,134,3
40,135,2
40,136,7
40,137,19
40,138,1
40,139,5
40,140,54
40,141,25
40,142,11
40,143,339
40,144,1
40,145,119
40,146,16
40,148,1
40,149,1
40,150,8
40,151,4
40,152,467
40,153,1
40,154,7
40,157,244
40,158,372
40,165,1
40,169,5
40,170,7
40,171,1
40,174,1
41,42,1227
41,44,1
41,45,1
41,47,81
41,48,1
41,49,30
41,50,31
41,51,2
41,53,2
41,54,1
41,55,23
41,56,126
41,57,27
41,58,31
41,59,2
41,60,2
41,61,1
41,63,30
41,66,2
41,67,1
41,68,2
41,69,31
41,70,7
41,71,17
41,72,18
41,73,13
41,74,80
41,75,1
41,78,20
41,79,20
41,80,8
41,81,2
41,82,10
41,83,1
41,84,4
41,85,317
41,86,1
41,87,2
41,88,3
41,89,186
41,90,111
41,91,2
41,92,2
41,93,51
41,94,1
41,95,3
41,96,2275
41,97,12
41,98,12
41,99,19
41,102,37
41,104,1
41,105,10
41,107,46
41,108,8
41,109,11
41,110,951
41,111,21
41,112,76
41,113,10
41,114,902
41,116,5
41,117,11
41,118,4
41,119,43
41,120,15
41,121,90
41,122,26
41,123,152
41,124,1
41,125,63
41,126,490
41,127,8
41,128,36
41,130,140
41,132,121
41,133,1
41,134,2
41,135,2
41,136,3
41,137,9
41,138,1
41,139,4
41,140,22
41,141,94
41,142,13
41,143,82
41,144,3
41,145,35
41,148,1
41,149,1
41,150,19
41,151,29
41,152,31
41,154,3
41,156,4
41,157,450
41,158,122
41,170,2
41,174,2
42,43,1
42,46,3
42,47,299
42,48,1
42,49,19
42,50,96
42,51,1
42,53,2
42,54,3
42,55,45
42,56,126
42,57,34
42,58,32
42,60,2
42,61,1
42,63,264
42,65,1
42,66,5
42,68,1
42,69,9
42,70,8
42,71,11
42,72,83
42,73,980
42,74,46
42,75,3
42,77,1
42,78,85
42,79,85
42,80,3
42,81,2
42,82,9
42,84,3
42,85,184
42,86,5
42,89,291
42,90,270
42,91,26
42,92,89
42,93,118
42,94,12
42,95,2
42,96,4849
42,97,35
42,98,141
42,99,109
42,100,2
42,102,213
42,104,1
42,105,53
42,106,8
42,107,24
42,108,25
42,109,12
42,110,2782
42,111,377
42,112,566
42,113,22
42,114,1636
42,115,10
42,116,8
42,117,377
42,118,83
42,119,440
42,120,196
42,121,64
42,122,429
42,123,203
42,124,2
42,125,525
42,126,1769
42,127,8
42,128,116
42,130,895
42,131,2
42,132,35
42,133,4
42,134,12
42,135,2
42,136,5
42,137,30
42,138,1
42,139,9
42,140,15
42,141,126
42,142,55
42,143,264
42,145,281
42,146,14
42,147,6
42,148,2
42,149,6
42,150,20
42,151,70
42,152,34
42,154,1
42,156,1
42,157,329
42,158,93
42,170,5
42,174,2
43,45,8
43,46,225
43,49,2
43,50,91
43,51,9
43,53,7
43,54,20
43,55,15
43,57,1
43,59,1
43,60,6
43,67,199
43,68,1
43,69,18
43,74,1
43,76,14
43,80,4
43,81,48
43,84,8
43,85,1
43,87,1
43,88,9
43,94,3
43,99,8
43,100,1
43,102,3
43,103,5
43,106,78
43,109,1
43,110,2
43,111,48
43,112,2
43,114,1
43,115,16
43,117,2
43,118,4
43,119,9
43,120,2
43,121,2
43,123,1
43,129,11
43,130,1
43,134,2
43,135,9
43,136,14
43,140,86
43,142,3
43,143,1
43,144,6
43,145,5
43,146,4
43,154,1
43,156,1
43,157,8
43,158,67
43,169,14
43,170,21
43,171,4
43,174,6
44,45,32
44,46,1
44,47,7
44,48,1458
44,49,787
44,52,440
44,53,1
44,54,23
44,55,1
44,56,2
44,57,4
44,58,11
44,59,340
44,61,37
44,62,1743
44,63,3
44,64,279
44,65,1648
44,66,3333
44,67,22
44,68,1
44,69,10
44,70,2
44,72,8
44,75,953
44,77,607
44,78,35
44,79,35
44,80,1
44,82,3
44,84,1
44,85,3
44,87,2
44,88,2
44,89,250
44,91,134
44,92,20
44,93,2
44,94,1
44,96,7
44,98,4
44,99,3
44,100,15
44,104,35
44,105,5
44,106,4
44,108,14
44,110,13
44,114,39
44,115,58
44,116,2
44,119,1
44,121,2
44,125,1
44,128,4
44,129,1
44,130,5
44,135,1
44,136,13
44,140,2
44,142,25
44,143,9
44,145,1
44,146,1
44,150,1
44,156,1
44,157,14
44,158,85
44,159,5
44,160,1
44,161,731
44,162,43
44,165,93
44,166,15
44,167,50
44,170,3
44,171,6
45,46,18
45,47,2
45,48,2
45,49,21
45,50,25
45,51,7
45,53,388
45,54,1702
45,55,76
45,56,26
45,57,2
45,58,3
45,60,190
45,63,1
45,65,11
45,66,57
45,67,197
45,68,38
45,69,2559
45,70,1078
45,71,32
45,74,1294
45,75,30
45,76,84
45,78,4
45,79,4
45,80,33
45,81,50
45,83,5
45,84,132
45,85,16
45,86,2
45,87,290
45,88,5
45,89,8
45,90,1
45,91,1
45,93,2
45,94,4
45,95,12
45,96,1
45,98,1
45,99,8
45,101,49
45,103,1
45,104,1
45,105,4
45,106,2
45,109,49
45,110,4
45,113,30
45,114,3
45,115,1
45,116,2
45,121,143
45,123,3
45,124,29
45,125,1
45,127,1
45,129,21
45,130,3
45,132,8
45,133,104
45,135,2
45,136,7
45,139,1
45,142,2
45,143,1
45,144,1
45,154,96
45,156,11
45,157,2338
45,158,27140
45,159,23
45,160,34
45,161,1
45,162,3
45,164,12
45,169,84
45,170,1410
45,171,66
45,172,1
45,174,190
46,49,4
46,50,163
46,51,15
46,53,7
46,54,28
46,55,38
46,56,1
46,63,3
46,66,2
46,67,110
46,68,5
46,69,19
46,70,2
46,71,4
46,74,3
46,75,1
46,76,10
46,78,1
46,79,1
46,80,10
46,81,24
46,83,1
46,84,11
46,85,4
46,86,2
46,87,1
46,88,18
46,90,1
46,94,5
46,95,2
46,98,3
46,99,5
46,100,1
46,101,1
46,103,2
46,104,1
46,105,2
46,106,234
46,107,1
46,109,3
46,111,4
46,112,1
46,114,2
46,115,20
46,116,2
46,118,3
46,119,2
46,121,21
46,122,1
46,124,2
46,125,1
46,126,1
46,129,74
46,131,1
46,132,2
46,134,1
46,135,16
46,136,61
46,139,1
46,140,98
46,141,3
46,142,1
46,144,22
46,145,7
46,146,2
46,154,5
46,156,1
46,157,20
46,158,79
46,169,10
46,170,8
46,171,2
47,48,1
47,49,19
47,50,149
47,52,7
47,53,2
47,54,3
47,55,35
47,56,121
47,57,62
47,58,171
47,59,33
47,61,14
47,63,1316
47,65,5
47,66,2
47,68,2
47,69,5
47,70,8
47,71,7
47,72,1604
47,73,161
47,74,46
47,75,56
47,77,15
47,78,140
47,79,140
47,82,5
47,83,2
47,85,11
47,86,1
47,89,507
47,90,195
47,91,2
47,92,4
47,93,234
47,94,1
47,95,1
47,96,873
47,97,64
47,98,30
47,99,19
47,100,1
47,101,1
47,102,35
47,104,1
47,105,72
47,107,12
47,108,72
47,109,2
47,110,518
47,111,32
47,112,149
47,113,74
47,114,84
47,115,5
47,116,6
47,117,334
47,118,11
47,119,12
47,120,43
47,121,7
47,122,377
47,123,832
47,125,54
47,126,27
47,127,1
47,128,16
47,130,48
47,131,1
47,132,28
47,133,1
47,134,3
47,136,1
47,137,88
47,138,7
47,139,1
47,140,7
47,141,3
47,142,15
47,143,43
47,145,388
47,146,3
47,147,2
47,151,1
47,152,13
47,153,1
47,157,274
47,158,116
47,170,3
47,171,1
48,49,992
48,52,94
48,53,1
48,54,9
48,55,1
48,58,2
48,59,68
48,61,109
48,62,149
48,63,1
48,64,16
48,65,259
48,66,500
48,67,1
48,72,1
48,74,2
48,75,163
48,77,155
48,78,3
48,79,3
48,80,3
48,84,1
48,89,27
48,90,1
48,91,3
48,92,29
48,96,2
48,98,2
48,99,3
48,100,4
48,104,27
48,105,1
48,108,1
48,114,1
48,115,34
48,136,1
48,140,3
48,142,2
48,143,5
48,144,4
48,145,1
48,152,3
48,157,1
48,158,41
48,159,1
48,162,1
48,165,2
48,166,4
49,50,115
49,52,93
49,53,26
49,54,204
49,55,77
49,56,21
49,57,10
49,58,32
49,59,730
49,61,45
49,62,575
49,63,48
49,64,42
49,65,760
49,66,927
49,67,89
49,68,7
49,69,86
49,70,4
49,71,48
49,72,97
49,73,14
49,74,47
49,75,273
49,76,9
49,77,295
49,78,64
49,79,64
49,80,64
49,81,2
49,82,6
49,83,4
49,84,29
49,85,116
49,86,1
49,87,18
49,88,2
49,89,899
49,90,26
49,91,33
49,92,170
49,93,5
49,94,17
49,95,7
49,96,62
49,97,7
49,98,26
49,99,27
49,100,16
49,101,1
49,102,1
49,103,7
49,104,175
49,105,10
49,106,10
49,107,1
49,108,14
49,109,5
49,110,75
49,111,1
49,112,2
49,113,8
49,114,13
49,115,32
49,116,3
49,119,1
49,120,2
49,121,225
49,122,44
49,123,10
49,124,4
49,125,45
49,126,5
49,127,2
49,128,3
49,129,55
49,130,34
49,131,2
49,132,10
49,133,30
49,135,12
49,136,21
49,137,58
49,139,5
49,140,10
49,141,1
49,142,6
49,143,417
49,144,14
49,145,67
49,146,4
49,147,1
49,148,1
49,149,7
49,152,21
49,153,6
49,154,1
49,156,4
49,157,685
49,158,336
49,159,20
49,160,6
49,161,1
49,162,6
49,166,6
49,169,9
49,170,36
49,171,20
50,51,19
50,53,62
50,54,13
50,55,1427
50,56,44
50,57,1
50,58,6
50,60,3
50,62,1
50,63,14
50,66,7
50,67,11
50,68,30
50,69,214
50,70,2
50,71,76
50,72,105
50,73,3
50,74,709
50,75,7
50,76,1
50,77,7
50,78,48
50,79,48
50,80,59
50,81,27
50,82,14
50,83,36
50,84,39
50,85,116
50,86,68
50,88,5
50,89,125
50,90,29
50,91,1
50,93,133
50,94,612
50,95,464
50,96,127
50,97,2
50,98,120
50,99,366
50,100,1
50,102,15
50,103,9
50,104,1
50,105,22
50,106,111
50,109,28
50,110,180
50,111,574
50,112,232
50,113,6
50,114,16
50,115,20
50,116,14
50,117,22
50,118,623
50,119,74
50,120,1
50,121,843
50,122,235
50,123,31
50,124,3
50,125,174
50,126,258
50,127,30
50,128,7
50,129,13
50,130,3
50,131,9
50,132,3
50,133,4
50,134,7
50,135,6
50,136,10
50,137,1
50,139,143
50,140,70
50,141,8
50,142,4
50,143,113
50,144,5
50,145,5408
50,146,26
50,147,8
50,148,21
50,149,99
50,151,1
50,152,8
50,153,3
50,154,14
50,156,2
50,157,1108
50,158,2342
50,169,1
50,170,4
50,171,7
50,174,3
51,53,18
51,54,3
51,55,117
51,60,24
51,67,2
51,69,3
51,74,1
51,76,209
51,80,6
51,81,1507
51,84,41
51,88,173
51,93,1
51,94,1
51,96,2
51,98,2
51,99,9
51,101,16
51,103,150
51,105,2
51,106,19
51,109,43
51,110,2
51,114,1
51,115,1
51,116,1
51,118,2
51,124,36
51,129,10
51,135,421
51,136,125
51,140,136
51,144,16
51,154,5
51,157,1
51,158,201
51,159,5
51,163,1
51,169,211
51,170,14
51,171,45
51,174,24
52,53,2
52,55,1
52,58,1
52,59,1283
52,61,411
52,62,222
52,63,49
52,64,364
52,65,280
52,66,79
52,67,2
52,70,1
52,71,1
52,72,14
52,73,1
52,74,1
52,75,33
52,77,67
52,78,6
52,79,6
52,85,1
52,86,1
52,89,14
52,90,5
52,91,536
52,92,43
52,96,1
52,98,1
52,99,1
52,100,5
52,104,19
52,105,1
52,106,1
52,108,10
52,110,2
52,114,5
52,115,13
52,117,1
52,119,1
52,122,2
52,126,1
52,137,2
52,142,2
52,152,2
52,157,7
52,158,64
52,162,13
52,166,6
52,170,1
53,54,185
53,55,43
53,56,8
53,59,1
53,60,365
53,62,1
53,63,8
53,64,1
53,65,2
53,66,7
53,67,111
53,68,61
53,69,74
53,70,19
53,71,12
53,72,3
53,73,1
53,74,210
53,75,5
53,76,317
53,77,6
53,78,5
53,79,5
53,80,12
53,81,79
53,82,4
53,83,14
53,84,39
53,85,8
53,86,6
53,87,12
53,88,20
53,89,3
53,90,3
53,91,4
53,93,3
53,94,21
53,95,56
53,96,2
53,97,2
53,100,2
53,101,73
53,103,22
53,104,1
53,105,1
53,106,10
53,109,2
53,110,2
53,112,1
53,113,6
53,115,2
53,116,4
53,118,3
53,119,1
53,121,46
53,122,2
53,123,6
53,124,442
53,125,3
53,127,3
53,129,12
53,132,14
53,133,4
53,134,1
53,135,16
53,136,18
53,139,14
53,140,5
53,144,2
53,145,3
53,146,2
53,152,1
53,154,50
53,157,123
53,158,12693
53,159,1
53,169,317
53,170,393
53,171,60
53,174,365
54,55,124
54,56,91
54,57,9
54,58,49
54,59,1
54,60,17
54,62,9
54,65,5
54,66,444
54,67,315
54,68,27
54,69,527
54,70,1
54,71,30
54,72,1
54,74,36
54,76,18
54,77,3
54,80,844
54,81,52
54,84,526
54,85,2
54,87,7
54,88,161
54,89,60
54,93,1
54,96,14
54,97,2
54,98,4
54,99,7
54,100,2
54,101,9
54,102,1
54,103,9
54,105,4
54,106,18
54,109,68
54,110,16
54,114,8
54,115,4
54,119,1
54,121,53
54,123,19
54,124,115
54,125,1
54,129,218
54,130,3
54,132,2
54,133,31
54,135,479
54,136,101
54,140,66
54,142,8
54,143,8
54,144,139
54,145,1
54,150,2
54,154,59
54,156,2
54,157,151
54,158,2679
54,159,38
54,160,22
54,162,2
54,164,5
54,166,1
54,168,1
54,169,18
54,170,228
54,171,659
54,174,17
55,56,43
55,57,15
55,58,32
55,59,3
55,60,10
55,61,1
55,63,14
55,66,11
55,67,40
55,68,12
55,69,287
55,70,20
55,71,17
55,72,19
55,73,3
55,74,204
55,75,3
55,76,22
55,77,4
55,78,118
55,79,118
55,80,225
55,81,196
55,82,15
55,83,14
55,84,236
55,85,149
55,86,15
55,87,7
55,88,58
55,89,53
55,90,12
55,92,1
55,93,25
55,94,90
55,95,310
55,96,165
55,97,3
55,98,184
55,99,288
55,100,4
55,101,6
55,102,9
55,103,9
55,104,1
55,105,77
55,106,29
55,109,124
55,110,245
55,111,81
55,112,57
55,113,25
55,114,102
55,115,16
55,116,5
55,117,12
55,118,74
55,119,9
55,121,176
55,122,4
55,123,22
55,124,7
55,125,6
55,126,75
55,127,14
55,128,3
55,129,37
55,130,2
55,131,2
55,132,3
55,133,11
55,135,71
55,136,104
55,139,39
55,140,280
55,141,15
55,142,8
55,143,27
55,144,19
55,145,498
55,146,17
55,148,3
55,149,9
55,150,13
55,151,2
55,152,24
55,153,4
55,154,18
55,156,8
55,157,484
55,158,1030
55,159,9
55,160,1
55,163,13
55,169,22
55,170,95
55,171,73
55,174,10
56,57,100
56,58,227
56,59,2
56,61,2
56,63,23
56,65,1
56,66,18
56,67,19
56,68,13
56,69,29
56,70,37
56,71,3
56,72,48
56,73,64
56,74,9
56,75,2
56,77,3
56,78,27
56,79,27
56,80,17
56,81,8
56,82,32
56,83,3
56,84,37
56,85,32
56,86,10
56,87,2
56,88,6
56,89,98
56,90,16
56,92,3
56,93,13
56,94,27
56,95,45
56,96,220
56,97,45
56,98,15
56,99,68
56,102,33
56,103,7
56,104,1
56,105,27
56,107,5
56,108,7
56,109,39
56,110,89
56,111,24
56,112,16
56,113,123
56,114,60
56,115,2
56,116,4
56,117,33
56,118,7
56,119,15
56,120,23
56,121,24
56,122,16
56,123,153
56,124,1
56,125,44
56,126,9
56,127,22
56,128,2
56,129,5
56,130,13
56,131,2
56,132,11
56,133,18
56,134,1
56,135,4
56,136,5
56,137,11
56,138,1
56,139,20
56,140,24
56,141,6
56,142,12
56,143,87
56,144,1
56,145,33
56,146,1
56,147,1
56,148,1
56,149,6
56,150,4
56,151,2
56,152,14
56,154,2
56,157,540
56,158,111
56,170,27
56,171,4
57,58,210
57,59,4
57,61,10
57,63,6
57,65,6
57,66,1
57,67,2
57,69,3
57,70,1
57,72,21
57,73,54
57,74,1
57,75,1
57,80,2
57,81,1
57,82,1
57,83,1
57,84,1
57,85,4
57,87,1
57,89,38
57,90,10
57,91,2
57,93,1
57,94,1
57,96,53
57,97,62
57,98,5
57,99,1
57,100,1
57,102,44
57,103,1
57,105,42
57,107,7
57,108,111
57,109,4
57,110,36
57,111,2
57,112,2
57,113,5
57,114,19
57,115,5
57,116,2
57,117,5
57,118,18
57,119,6
57,120,53
57,121,1
57,122,1
57,123,182
57,124,2
57,125,3
57,126,3
57,128,2
57,129,2
57,130,2
57,132,3
57,135,1
57,136,3
57,137,2
57,140,18
57,141,2
57,142,8
57,143,4
57,145,4
57,157,22
57,158,13
57,170,4
57,171,1
58,59,1
58,61,3
58,63,39
58,65,1
58,66,37
58,67,18
58,69,1
58,71,1
58,72,23
58,73,19
58,74,5
58,75,1
58,77,6
58,78,26
58,79,26
58,80,9
58,81,1
58,82,9
58,83,2
58,84,7
58,85,4
58,89,306
58,90,2
58,92,1
58,93,6
58,95,3
58,96,316
58,97,26
58,98,41
58,99,22
58,100,2
58,102,1
58,103,2
58,105,70
58,107,9
58,108,55
58,109,6
58,110,230
58,112,16
58,113,2
58,114,123
58,115,3
58,117,4
58,119,2
58,120,12
58,123,123
58,125,4
58,126,1
58,127,1
58,128,8
58,130,3
58,133,1
58,134,1
58,135,1
58,136,1
58,137,1
58,139,1
58,140,13
58,141,5
58,142,17
58,143,57
58,145,16
58,146,1
58,150,2
58,152,20
58,157,15
58,158,21
58,170,3
58,171,4
59,61,124
59,62,68
59,63,75
59,64,198
59,65,2040
59,66,40
59,67,1
59,68,1
59,69,2
59,70,1
59,71,2
59,72,69
59,73,16
59,75,479
59,77,31
59,78,13
59,79,13
59,83,1
59,85,3
59,86,1
59,89,11
59,90,82
59,91,137
59,92,402
59,93,2
59,96,4
59,100,11
59,104,311
59,105,1
59,108,16
59,110,2
59,114,6
59,115,38
59,116,1
59,117,1
59,120,1
59,122,3
59,123,3
59,126,1
59,130,1
59,131,1
59,132,1
59,137,120
59,143,1
59,147,1
59,157,22
59,158,13
59,161,1
59,162,3
59,167,1
59,170,3
60,66,16
60,67,16
60,69,2
60,74,524
60,76,101
60,77,3
60,80,2
60,81,198
60,85,4
60,88,37
60,90,1
60,96,1
60,99,1
60,101,15
60,103,50
60,106,21
60,110,4
60,121,8
60,122,1
60,124,668
60,129,1
60,132,3
60,134,1
60,135,13
60,136,12
60,140,44
60,143,1
60,144,2
60,150,1
60,152,1
60,154,42
60,156,3
60,157,4
60,158,33210
60,159,8
60,160,7
60,162,1
60,169,101
60,170,26
60,171,16
60,172,2
60,174,33210
61,62,20
61,63,38
61,64,151
61,65,16
61,66,24
61,71,1
61,72,17
61,73,4
61,75,20
61,77,5
61,78,41
61,79,41
61,82,1
61,85,6
61,89,52
61,90,10
61,91,123
61,92,95
61,93,1
61,96,6
61,97,1
61,98,2
61,99,4
61,100,7
61,104,24
61,105,2
61,108,131
61,110,4
61,112,1
61,113,1
61,114,4
61,115,14
61,122,2
61,123,1
61,137,2
61,139,1
61,141,2
61,142,1
61,152,1
61,157,21
61,158,3
61,162,1
61,165,32
61,167,1
62,63,1
62,64,59
62,65,1139
62,66,108
62,67,9
62,69,1
62,72,1
62,75,35
62,76,1
62,77,53
62,85,1
62,86,1
62,89,20
62,90,1
62,91,34
62,92,4
62,100,2
62,103,1
62,104,8
62,115,8
62,129,1
62,140,2
62,143,2
62,157,3
62,158,13
62,161,5
62,162,4
62,166,1
62,167,1
62,169,1
62,171,2
63,65,19
63,67,1
63,68,2
63,69,3
63,70,3
63,71,44
63,72,712
63,73,586
63,74,100
63,75,25
63,76,2
63,77,2
63,78,43
63,79,43
63,81,1
63,82,1
63,83,1
63,85,2
63,86,2
63,89,162
63,90,169
63,91,10
63,92,182
63,93,31
63,94,2
63,96,183
63,97,14
63,98,3
63,99,1
63,100,1
63,101,1
63,102,4
63,104,2
63,105,11
63,106,2
63,107,6
63,108,85
63,110,75
63,111,5
63,112,11
63,113,5
63,114,17
63,115,5
63,116,5
63,117,55
63,118,3
63,119,1
63,120,29
63,121,21
63,122,241
63,123,112
63,124,2
63,125,73
63,126,17
63,130,15
63,131,1
63,132,25
63,134,6
63,137,221
63,139,1
63,140,3
63,142,2
63,143,21
63,145,39
63,146,1
63,148,1
63,149,2
63,152,1
63,156,2
63,157,55
63,158,222
63,159,3
63,169,2
63,170,4
64,65,198
64,66,41
64,73,1
64,74,1
64,75,36
64,77,9
64,89,2
64,91,321
64,92,9
64,93,1
64,100,1
64,104,8
64,108,1
64,110,1
64,114,1
64,115,5
64,123,1
64,125,1
64,158,9
64,161,1
65,66,84
65,68,1
65,69,3
65,70,10
65,72,20
65,73,8
65,75,451
65,77,27
65,78,5
65,79,5
65,85,1
65,89,11
65,90,1
65,91,62
65,92,28
65,96,4
65,99,1
65,100,3
65,104,292
65,108,7
65,110,8
65,111,1
65,114,6
65,115,56
65,120,1
65,122,1
65,123,1
65,124,3
65,125,2
65,135,1
65,136,2
65,137,1
65,142,2
65,143,3
65,150,1
65,157,16
65,158,41
65,161,5
65,165,3
65,167,4
65,170,1
65,171,2
66,67,125
66,68,1
66,69,23
66,70,1
66,71,1
66,72,4
66,74,5
66,75,214
66,76,6
66,77,1255
66,78,27
66,79,27
66,80,83
66,81,1
66,82,24
66,83,38
66,84,69
66,85,19
66,86,2
66,87,12
66,88,2
66,89,891
66,91,7
66,92,4
66,93,2
66,94,3
66,95,2
66,96,20
66,97,1
66,98,2
66,99,3
66,100,16
66,103,1
66,104,13
66,105,4
66,106,5
66,108,8
66,109,16
66,110,25
66,113,1
66,114,21
66,115,19
66,121,34
66,123,4
66,124,35
66,127,12
66,129,2
66,133,32
66,135,8
66,136,11
66,139,8
66,140,1
66,142,3
66,143,57
66,144,9
66,145,2
66,149,3
66,152,1
66,153,16
66,154,6
66,157,187
66,158,334
66,159,3
66,162,9
66,166,3
66,169,6
66,170,12
66,171,43
66,174,16
67,68,2
67,69,49
67,71,2
67,72,1
67,74,23
67,75,3
67,76,53
67,77,9
67,78,2
67,79,2
67,80,60
67,81,57
67,84,97
67,87,1
67,88,11
67,89,18
67,90,5
67,92,1
67,93,1
67,94,1
67,96,1
67,97,1
67,99,4
67,101,8
67,103,80
67,104,1
67,106,94
67,107,1
67,109,22
67,114,2
67,115,5
67,116,1
67,117,1
67,120,1
67,121,36
67,123,2
67,124,8
67,125,1
67,126,1
67,129,27
67,130,13
67,132,4
67,133,2
67,135,26
67,136,28
67,139,1
67,140,12
67,141,6
67,142,1
67,143,5
67,144,17
67,146,1
67,148,1
67,149,1
67,151,1
67,152,3
67,154,79
67,156,2
67,157,13
67,158,870
67,159,7
67,162,1
67,164,1
67,169,53
67,170,53
67,171,104
67,174,16
68,69,108
68,70,18
68,71,2
68,72,1
68,73,4
68,74,13
68,75,2
68,80,2
68,81,1
68,84,1
68,85,25
68,87,10
68,88,1
68,89,4
68,96,3
68,99,7
68,102,1
68,106,5
68,109,14
68,110,1
68,111,2
68,112,4
68,113,15
68,114,3
68,115,2
68,116,3
68,117,3
68,118,7
68,119,4
68,120,2
68,121,32
68,122,1
68,123,1
68,125,2
68,126,1
68,129,7
68,130,1
68,132,3
68,133,12
68,134,1
68,135,1
68,136,3
68,140,3
68,141,1
68,143,2
68,144,1
68,145,5
68,146,1
68,154,4
68,157,815
68,158,116
68,159,1
68,170,6
68,171,1
69,70,1233
69,71,40
69,72,2
69,74,333
69,75,1
69,76,32
69,77,2
69,78,11
69,79,11
69,80,17
69,81,97
69,82,1
69,84,37
69,85,564
69,87,591
69,88,6
69,89,27
69,90,2
69,91,1
69,94,3
69,95,1
69,96,12
69,97,3
69,98,6
69,99,27
69,101,41
69,102,1
69,103,1
69,105,1
69,106,9
69,109,433
69,110,30
69,111,1
69,112,3
69,113,98
69,114,16
69,116,2
69,118,1
69,119,6
69,121,360
69,122,6
69,123,4
69,124,1
69,125,3
69,126,1
69,128,1
69,129,30
69,130,13
69,132,32
69,133,317
69,135,9
69,136,5
69,137,1
69,140,2
69,141,1
69,142,1
69,143,18
69,144,10
69,145,37
69,146,1
69,150,2
69,152,2
69,154,40
69,156,27
69,157,4905
69,158,4138
69,159,11
69,160,8
69,164,1
69,169,32
69,170,980
69,171,10
69,174,2
70,71,1
70,72,4
70,74,48
70,75,3
70,76,1
70,78,4
70,79,4
70,81,4
70,85,16
70,87,126
70,89,14
70,91,1
70,96,55
70,97,1
70,98,5
70,99,20
70,101,4
70,102,2
70,105,2
70,106,1
70,108,1
70,109,11
70,110,43
70,111,1
70,113,120
70,114,7
70,116,1
70,117,1
70,119,2
70,121,20
70,123,7
70,124,1
70,128,1
70,129,8
70,132,6
70,133,20
70,135,2
70,137,6
70,142,2
70,144,1
70,145,3
70,146,1
70,154,1
70,156,2
70,157,3511
70,158,1402
70,160,1
70,169,1
70,170,287
71,72,51
71,73,6
71,74,45
71,75,1
71,76,1
71,78,3
71,79,3
71,80,1
71,81,1
71,84,11
71,85,15
71,87,3
71,89,2
71,90,3
71,91,2
71,92,1
71,93,5
71,94,3
71,95,2
71,96,2
71,98,2
71,99,3
71,102,1
71,104,1
71,105,1
71,106,2
71,107,1
71,108,1
71,111,1
71,112,2
71,113,1
71,114,3
71,116,3
71,121,116
71,122,6
71,123,10
71,124,3
71,125,13
71,126,2
71,130,1
71,132,15
71,133,8
71,136,1
71,137,55
71,140,2
71,142,1
71,143,7
71,144,1
71,145,7
71,152,1
71,154,1
71,156,15
71,157,99
71,158,323
71,159,27
71,160,14
71,162,5
71,164,221
71,168,1
71,169,1
71,170,7
71,171,7
71,172,1
71,173,1
72,73,165
72,74,44
72,75,78
72,77,29
72,78,42
72,79,42
72,82,1
72,84,1
72,85,7
72,86,1
72,89,260
72,90,87
72,91,11
72,92,47
72,93,74
72,94,1
72,95,2
72,96,104
72,97,18
72,98,19
72,99,9
72,100,5
72,102,14
72,104,15
72,105,11
72,107,5
72,108,28
72,109,1
72,110,50
72,111,10
72,112,22
72,113,20
72,114,46
72,115,11
72,116,3
72,117,21
72,118,5
72,119,4
72,120,18
72,121,15
72,122,131
72,123,121
72,125,21
72,126,13
72,128,1
72,130,13
72,132,9
72,134,1
72,137,239
72,138,2
72,140,2
72,141,2
72,142,15
72,143,25
72,145,237
72,146,1
72,147,1
72,148,1
72,149,2
72,152,7
72,153,1
72,157,141
72,158,93
72,170,1
73,74,1
73,75,6
73,78,5
73,79,5
73,83,1
73,85,4
73,87,1
73,89,34
73,90,160
73,91,287
73,92,939
73,93,37
73,94,2
73,96,128
73,97,35
73,100,3
73,102,458
73,104,29
73,106,2
73,107,11
73,108,88
73,110,15
73,111,34
73,112,2
73,113,2
73,114,7
73,115,6
73,116,2
73,117,195
73,118,13
73,119,26
73,120,1084
73,121,3
73,122,271
73,123,191
73,125,90
73,126,66
73,128,7
73,130,29
73,132,21
73,133,2
73,134,6
73,137,648
73,138,11
73,141,3
73,142,2
73,143,146
73,145,15
73,149,2
73,152,1
73,153,1
73,157,51
73,158,4
74,75,6
74,76,55
74,77,19
74,78,20
74,79,20
74,80,1
74,81,4
74,82,4
74,83,7
74,84,38
74,85,501
74,86,8
74,87,7
74,88,1
74,89,27
74,90,3
74,91,1
74,93,66
74,94,22
74,95,67
74,96,135
74,97,2
74,98,16
74,99,11
74,100,1
74,101,8
74,102,2
74,103,1
74,104,1
74,105,7
74,106,6
74,107,8
74,108,1
74,109,15
74,110,126
74,111,6
74,112,8
74,113,23
74,114,16
74,116,2
74,117,2
74,118,2
74,119,3
74,121,431
74,122,7
74,123,7
74,124,336
74,125,12
74,126,11
74,127,21
74,129,3
74,130,4
74,132,22
74,133,17
74,134,2
74,136,2
74,137,3
74,139,52
74,142,1
74,143,8
74,144,3
74,145,195
74,146,1
74,149,2
74,150,1
74,152,2
74,154,16
74,156,57
74,157,1165
74,158,17091
74,159,46
74,160,7
74,162,4
74,164,2
74,169,55
74,170,82
74,171,5
74,174,524
75,77,54
75,78,25
75,79,25
75,80,1
75,81,1
75,85,5
75,89,198
75,90,1
75,91,20
75,92,29
75,93,7
75,96,11
75,97,1
75,98,3
75,99,3
75,100,14
75,101,1
75,104,109
75,106,1
75,108,2
75,109,1
75,110,11
75,113,3
75,114,14
75,115,84
75,122,1
75,129,1
75,130,11
75,136,1
75,142,5
75,143,3
75,145,5
75,146,1
75,150,1
75,152,3
75,157,28
75,158,74
75,161,1
75,166,1
75,170,1
76,77,7
76,80,14
76,81,341
76,84,26
76,85,1
76,88,53
76,89,1
76,99,1
76,101,367
76,102,1
76,103,86
76,106,22
76,107,1
76,109,13
76,111,1
76,117,1
76,118,1
76,121,5
76,123,1
76,124,1591
76,129,27
76,133,1
76,135,142
76,136,112
76,140,81
76,143,1
76,144,46
76,152,1
76,154,39
76,157,3
76,158,2826
76,159,23
76,160,2
76,162,1
76,167,2
76,169,14338
76,170,1195
76,171,274
76,174,101
77,78,15
77,79,15
77,80,1
77,82,1
77,83,1
77,84,2
77,85,1
77,87,1
77,89,79
77,91,1
77,92,5
77,95,1
77,96,12
77,98,5
77,100,1
77,104,3
77,105,1
77,108,1
77,109,1
77,110,19
77,112,6
77,114,9
77,115,2
77,116,1
77,121,4
77,122,1
77,123,2
77,124,15
77,125,1
77,126,3
77,129,1
77,133,1
77,135,1
77,139,1
77,142,3
77,143,5
77,145,15
77,152,2
77,153,1
77,156,1
77,157,21
77,158,116
77,159,2
77,162,9
77,166,5
77,169,7
77,170,3
77,171,1
77,174,3
78,79,12744
78,80,7
78,81,2
78,82,19
78,83,17
78,84,7
78,85,27
78,86,63
78,88,1
78,89,305
78,90,25
78,92,10
78,93,25
78,94,9
78,95,110
78,96,678
78,97,5
78,98,1739
78,99,448
78,100,1
78,104,2
78,105,411
78,108,1
78,109,4
78,110,1212
78,111,3
78,112,9
78,113,14
78,114,39
78,115,14
78,117,7
78,118,3
78,119,1
78,120,1
78,121,15
78,122,18
78,123,7
78,125,12
78,126,6
78,127,12
78,128,1
78,129,1
78,130,3
78,131,112
78,132,1
78,134,2
78,135,3
78,136,20
78,137,1
78,139,10
78,140,21
78,141,4
78,143,43
78,145,104
78,146,60
78,147,2
78,148,1
78,149,17
78,150,1
78,151,1
78,152,16
78,153,15
78,154,1
78,157,208
78,158,122
78,170,5
78,171,2
79,80,7
79,81,2
79,82,19
79,83,17
79,84,7
79,85,27
79,86,63
79,88,1
79,89,305
79,90,25
79,92,10
79,93,25
79,94,9
79,95,110
79,96,678
79,97,5
79,98,1739
79,99,448
79,100,1
79,104,2
79,105,411
79,108,1
79,109,4
79,110,1212
79,111,3
79,112,9
79,113,14
79,114,39
79,115,14
79,117,7
79,118,3
79,119,1
79,120,1
79,121,15
79,122,18
79,123,7
79,125,12
79,126,6
79,127,12
79,128,1
79,129,1
79,130,3
79,131,112
79,132,1
79,134,2
79,135,3
79,136,20
79,137,1
79,139,10
79,140,21
79,141,4
79,143,43
79,145,104
79,146,60
79,147,2
79,148,1
79,149,17
79,150,1
79,151,1
79,152,16
79,153,15
79,154,1
79,157,208
79,158,122
79,170,5
79,171,2
80,81,60
80,84,537
80,88,31
80,89,19
80,90,2
80,93,1
80,94,3
80,96,11
80,98,24
80,99,74
80,101,9
80,102,3
80,103,3
80,105,8
80,106,7
80,109,5
80,110,15
80,111,2
80,114,11
80,115,1
80,116,1
80,117,1
80,118,1
80,121,20
80,123,9
80,129,281
80,131,2
80,132,2
80,135,83
80,136,8
80,140,108
80,142,1
80,143,3
80,144,14
80,145,2
80,146,1
80,149,2
80,152,1
80,154,5
80,157,34
80,158,164
80,159,9
80,168,13
80,169,14
80,170,42
80,171,89
80,174,2
81,84,87
81,85,9
81,87,1
81,88,163
81,89,4
81,90,3
81,93,3
81,96,9
81,97,1
81,98,1
81,99,8
81,101,17
81,102,4
81,103,454
81,106,4
81,107,9
81,109,257
81,110,8
81,111,2
81,112,1
81,114,21
81,116,7
81,117,1
81,118,2
81,119,4
81,120,1
81,121,1
81,123,17
81,124,13
81,129,23
81,130,5
81,132,8
81,133,5
81,135,52
81,136,226
81,140,1151
81,142,2
81,143,9
81,144,17
81,150,9
81,152,36
81,154,181
81,157,35
81,158,939
81,169,341
81,170,88
81,171,117
81,174,198
82,83,269
82,85,1
82,86,120
82,89,69
82,90,2
82,92,2
82,94,41
82,95,98
82,96,27
82,98,21
82,99,18
82,103,1
82,105,25
82,110,31
82,111,2
82,112,3
82,121,5
82,122,3
82,123,5
82,126,5
82,127,70
82,130,1
82,131,2
82,139,53
82,143,8
82,145,5
82,146,3
82,148,3
82,149,14
82,152,1
82,153,56
82,157,3
82,158,31
83,86,112
83,89,92
83,90,1
83,92,2
83,94,68
83,95,44
83,96,5
83,98,3
83,99,10
83,105,5
83,110,2
83,115,2
83,121,3
83,122,2
83,123,1
83,127,42
83,137,1
83,139,23
83,143,4
83,145,1
83,148,1
83,149,7
83,153,113
83,156,1
83,158,69
84,85,1
84,88,23
84,89,22
84,94,1
84,95,3
84,96,26
84,98,12
84,99,45
84,101,1
84,102,1
84,103,4
84,105,7
84,106,13
84,109,10
84,110,29
84,111,2
84,112,1
84,114,25
84,116,1
84,117,1
84,118,1
84,120,1
84,121,44
84,123,8
84,124,1
84,125,1
84,126,1
84,129,365
84,135,124
84,136,11
84,139,2
84,140,49
84,142,3
84,143,3
84,144,22
84,145,1
84,146,1
84,150,5
84,152,9
84,154,16
84,157,45
84,158,458
84,159,3
84,169,26
84,170,35
84,171,123
85,87,36
85,89,27
85,90,2
85,91,2
85,92,1
85,93,1
85,96,251
85,97,2
85,98,57
85,99,141
85,102,7
85,105,9
85,106,1
85,107,1
85,108,1
85,109,100
85,110,289
85,111,13
85,112,9
85,113,14
85,114,217
85,115,1
85,116,4
85,117,8
85,119,106
85,120,1
85,121,301
85,122,3
85,123,22
85,125,9
85,126,41
85,128,3
85,130,25
85,132,29
85,133,47
85,134,1
85,137,3
85,140,1
85,141,24
85,142,5
85,143,27
85,145,39
85,146,2
85,148,1
85,149,1
85,150,4
85,151,9
85,152,44
85,153,2
85,154,2
85,156,3
85,157,4947
85,158,624
85,159,5
85,169,1
85,174,4
86,89,82
86,90,3
86,92,3
86,93,1
86,94,71
86,95,132
86,96,8
86,98,31
86,99,69
86,104,1
86,105,14
86,106,1
86,110,8
86,112,1
86,121,5
86,122,7
86,123,1
86,126,2
86,127,148
86,131,4
86,139,19
86,143,5
86,145,14
86,146,8
86,147,2
86,148,1
86,149,21
86,153,73
86,154,1
86,157,2
86,158,40
87,99,4
87,104,1
87,109,4
87,110,2
87,113,24
87,114,3
87,121,30
87,125,2
87,133,15
87,143,1
87,157,1311
87,158,482
87,160,1
87,170,24
88,92,1
88,96,7
88,97,2
88,98,5
88,99,15
88,101,3
88,102,2
88,103,16
88,105,1
88,106,32
88,109,3
88,110,5
88,119,1
88,121,5
88,123,8
88,124,26
88,129,265
88,133,1
88,135,3781
88,136,4495
88,140,1848
88,142,1
88,144,3761
88,154,1
88,157,19
88,158,124
88,169,53
88,170,6
88,171,562
88,174,37
89,90,59
89,91,5
89,92,10
89,93,182
89,94,41
89,95,6
89,96,1448
89,97,41
89,98,94
89,99,121
89,100,4
89,101,1
89,102,13
89,103,1
89,104,14
89,105,162
89,107,1
89,108,29
89,109,65
89,110,1434
89,111,11
89,112,18
89,113,3
89,114,256
89,115,15
89,116,2
89,117,3
89,118,1
89,119,2
89,120,4
89,121,99
89,122,357
89,123,257
89,124,3
89,125,226
89,126,7
89,127,243
89,128,4
89,129,7
89,130,214
89,131,8
89,132,12
89,133,10
89,136,1
89,137,20
89,138,3
89,139,59
89,140,13
89,141,5
89,142,5
89,143,2592
89,145,149
89,146,9
89,147,6
89,148,10
89,149,50
89,150,18
89,151,4
89,152,88
89,153,143
89,154,3
89,156,2
89,157,231
89,158,93
89,159,1
89,165,1
89,169,1
89,170,10
89,171,4
90,91,3
90,92,7
90,93,707
90,94,6
90,95,1
90,96,871
90,97,31
90,98,16
90,99,48
90,100,3
90,102,186
90,104,4
90,105,5
90,107,35
90,108,29
90,110,467
90,111,456
90,112,80
90,113,9
90,114,239
90,115,5
90,116,6
90,117,189
90,118,8
90,119,116
90,120,130
90,121,1
90,122,171
90,123,406
90,125,41
90,126,43
90,128,196
90,130,22
90,131,1
90,132,30
90,134,2
90,137,16
90,138,53
90,139,1
90,140,1
90,141,24
90,142,5
90,143,113
90,145,194
90,146,4
90,148,3
90,149,7
90,150,4
90,151,17
90,152,39
90,153,1
90,154,1
90,157,24
90,158,21
90,174,1
91,92,353
91,93,1
91,96,6
91,100,21
91,102,1
91,104,145
91,106,3
91,108,1
91,112,2
91,115,17
91,116,5
91,117,11
91,118,3
91,120,39
91,122,4
91,123,2
91,125,2
91,126,32
91,133,1
91,135,1
91,137,14
91,143,1
91,152,1
91,157,6
91,158,18
91,167,1
92,96,12
92,98,1
92,100,34
92,102,3
92,104,490
92,106,7
92,108,2
92,110,6
92,115,83
92,116,2
92,117,9
92,118,2
92,120,29
92,122,40
92,123,6
92,125,9
92,126,19
92,130,1
92,132,1
92,134,2
92,136,1
92,137,41
92,143,2
92,145,4
92,147,1
92,157,7
92,158,1
93,96,200
93,97,439
93,98,7
93,99,34
93,100,2
93,102,69
93,105,3
93,107,30
93,108,1
93,110,62
93,111,152
93,112,31
93,114,20
93,116,6
93,117,39
93,118,13
93,119,32
93,120,26
93,121,30
93,122,309
93,123,710
93,125,76
93,126,7
93,128,208
93,130,42
93,132,48
93,133,1
93,134,5
93,137,7
93,138,32
93,140,8
93,141,5
93,142,5
93,143,206
93,144,1
93,145,165
93,146,1
93,147,1
93,149,2
93,150,2
93,151,1
93,152,151
93,154,3
93,156,6
93,157,6
93,158,141
93,159,1
94,95,122
94,96,9
94,98,9
94,99,51
94,104,1
94,105,1
94,106,7
94,110,6
94,111,19
94,112,5
94,115,2
94,118,1
94,119,2
94,121,67
94,122,17
94,125,11
94,126,3
94,127,47
94,131,18
94,133,1
94,139,49
94,143,4
94,145,61
94,146,3
94,147,2
94,148,12
94,149,107
94,153,23
94,154,1
94,156,2
94,157,13
94,158,191
94,159,2
95,96,42
95,98,79
95,99,115
95,104,1
95,105,19
95,109,1
95,110,51
95,111,3
95,112,3
95,113,6
95,114,1
95,121,32
95,122,1
95,123,1
95,126,2
95,127,80
95,131,18
95,139,143
95,140,1
95,143,2
95,145,21
95,146,4
95,148,5
95,149,33
95,152,5
95,153,30
95,156,4
95,157,11
95,158,443
95,159,1
96,97,60
96,98,470
96,99,374
96,100,2
96,102,151
96,103,3
96,104,1
96,105,295
96,107,59
96,108,14
96,109,36
96,110,17052
96,111,366
96,112,1061
96,113,88
96,114,4276
96,115,1
96,116,4
96,117,239
96,118,34
96,119,306
96,120,89
96,121,34
96,122,286
96,123,570
96,124,2
96,125,199
96,126,2095
96,127,17
96,128,162
96,129,7
96,130,788
96,131,33
96,132,38
96,133,13
96,134,4
96,135,8
96,136,18
96,137,29
96,138,3
96,139,17
96,140,71
96,141,659
96,142,112
96,143,402
96,144,13
96,145,624
96,146,10
96,147,3
96,148,3
96,149,8
96,150,114
96,151,420
96,152,351
96,153,5
96,154,9
96,156,4
96,157,705
96,158,260
96,170,46
96,171,3
96,173,1
96,174,1
97,98,3
97,99,9
97,100,1
97,102,62
97,105,5
97,107,47
97,108,1
97,110,27
97,111,3
97,112,14
97,113,3
97,114,28
97,116,4
97,117,66
97,118,4
97,119,5
97,120,62
97,121,2
97,122,8
97,123,472
97,125,13
97,126,1
97,128,26
97,129,1
97,130,5
97,132,9
97,134,3
97,135,1
97,136,4
97,137,1
97,138,33
97,140,14
97,142,8
97,143,57
97,144,2
97,145,7
97,150,1
97,152,7
97,157,10
97,158,12
97,171,1
98,99,1375
98,100,1
98,102,3
98,105,1139
98,106,3
98,107,5
98,109,10
98,110,1251
98,111,7
98,112,13
98,113,84
98,114,63
98,115,3
98,116,2
98,117,6
98,118,10
98,119,3
98,120,2
98,121,10
98,122,6
98,123,8
98,125,3
98,126,9
98,127,10
98,128,11
98,129,4
98,130,2
98,131,170
98,133,3
98,135,1
98,136,13
98,139,3
98,140,55
98,141,5
98,143,21
98,144,5
98,145,127
98,146,91
98,147,1
98,148,2
98,149,15
98,150,5
98,151,1
98,152,20
98,153,2
98,157,342
98,158,39
99,100,1
99,101,1
99,102,5
99,105,508
99,106,4
99,109,46
99,110,800
99,111,108
99,112,43
99,113,154
99,114,139
99,115,8
99,116,13
99,117,13
99,118,70
99,119,21
99,120,3
99,121,28
99,122,14
99,123,15
99,124,1
99,125,17
99,126,60
99,127,31
99,128,9
99,129,19
99,130,21
99,131,70
99,132,2
99,133,9
99,135,28
99,136,61
99,137,1
99,139,15
99,140,127
99,141,17
99,142,9
99,143,72
99,144,24
99,145,259
99,146,80
99,147,1
99,148,8
99,149,24
99,150,8
99,151,3
99,152,52
99,153,4
99,157,752
99,158,69
99,169,1
99,170,7
99,171,3
99,174,1
100,104,9
100,108,1
100,110,1
100,114,1
100,115,25
100,117,1
100,121,3
100,122,2
100,142,1
100,157,2
100,158,6
101,102,1
101,103,10
101,105,2
101,106,1
101,109,2
101,110,2
101,121,1
101,124,56
101,129,11
101,133,1
101,135,14
101,136,4
101,140,11
101,144,19
101,154,9
101,157,8
101,158,615
101,159,6
101,160,1
101,169,367
101,170,624
101,171,61
101,172,1
101,174,15
102,105,10
102,107,8
102,108,25
102,109,3
102,110,48
102,111,172
102,112,51
102,113,1
102,114,18
102,116,3
102,117,67
102,118,26
102,119,138
102,120,523
102,121,11
102,122,6
102,123,292
102,125,43
102,126,59
102,128,9
102,130,52
102,132,10
102,134,12
102,137,60
102,138,28
102,140,25
102,141,5
102,142,5
102,143,95
102,144,2
102,145,45
102,152,3
102,157,19
102,158,7
102,169,1
102,170,1
103,106,12
103,109,38
103,110,1
103,111,1
103,121,2
103,123,1
103,135,1
103,136,5
103,140,4
103,143,2
103,144,1
103,152,1
103,154,31
103,155,46
103,158,135
103,159,13
103,160,5
103,169,86
103,170,14
103,171,504
103,174,50
104,106,1
104,110,1
104,112,1
104,114,8
104,115,7
104,122,3
104,123,1
104,128,3
104,130,2
104,135,2
104,137,8
104,140,1
104,141,1
104,142,1
104,143,3
104,145,2
104,147,1
104,149,1
104,152,3
104,153,1
104,157,3
104,158,5
104,171,2
105,107,2
105,108,2
105,109,2
105,110,773
105,111,8
105,112,11
105,113,21
105,114,39
105,115,1
105,116,2
105,117,6
105,118,2
105,120,12
105,122,2
105,123,41
105,125,3
105,126,6
105,127,3
105,128,6
105,129,4
105,130,4
105,131,18
105,135,5
105,136,12
105,137,1
105,139,1
105,140,34
105,142,2
105,143,32
105,144,3
105,145,29
105,146,29
105,149,4
105,150,6
105,152,8
105,153,1
105,157,112
105,158,40
105,170,6
105,171,1
106,111,4
106,114,1
106,115,64
106,116,3
106,118,5
106,121,8
106,124,5
106,126,1
106,129,34
106,132,1
106,134,2
106,135,81
106,136,123
106,140,93
106,142,1
106,144,22
106,146,3
106,149,1
106,152,1
106,157,10
106,158,133
106,159,1
106,169,22
106,170,16
106,171,3
106,174,21
107,108,1
107,109,1
107,110,10
107,111,4
107,113,1
107,114,44
107,116,7
107,117,6
107,118,1
107,119,2
107,120,19
107,121,3
107,123,137
107,125,3
107,126,1
107,128,7
107,130,7
107,132,71
107,134,1
107,138,19
107,141,1
107,142,4
107,143,5
107,150,4
107,152,28
107,154,2
107,157,3
107,158,13
107,169,1
107,170,1
108,110,6
108,111,4
108,114,5
108,115,4
108,119,3
108,120,33
108,121,1
108,122,5
108,123,18
108,125,2
108,126,6
108,130,11
108,137,7
108,140,1
108,141,1
108,142,2
108,143,16
108,157,10
108,158,3
108,162,1
108,170,1
109,110,32
109,111,4
109,112,1
109,113,1
109,114,171
109,116,6
109,119,12
109,121,9
109,123,8
109,129,3
109,130,23
109,132,2
109,133,152
109,136,1
109,140,15
109,141,1
109,142,9
109,143,5
109,145,4
109,150,46
109,151,1
109,152,29
109,154,36
109,156,2
109,157,441
109,158,130
109,159,6
109,160,1
109,169,13
109,170,29
109,171,16
110,111,262
110,112,554
110,113,95
110,114,2221
110,115,2
110,116,2
110,117,84
110,118,19
110,119,158
110,120,44
110,121,13
110,122,108
110,123,281
110,125,98
110,126,886
110,127,13
110,128,40
110,129,3
110,130,240
110,131,64
110,132,14
110,133,6
110,134,2
110,135,5
110,136,20
110,137,5
110,139,19
110,140,59
110,141,320
110,142,49
110,143,247
110,144,11
110,145,603
110,146,29
110,147,2
110,148,1
110,149,10
110,150,80
110,151,250
110,152,257
110,153,8
110,154,2
110,157,752
110,158,274
110,170,58
110,171,2
110,174,4
111,112,165
111,113,3
111,114,110
111,115,13
111,116,12
111,117,59
111,118,171
111,119,613
111,120,34
111,121,31
111,122,56
111,123,113
111,124,1
111,125,83
111,126,215
111,127,1
111,128,52
111,130,61
111,131,7
111,132,8
111,134,20
111,137,3
111,138,2
111,140,14
111,141,7
111,142,12
111,143,23
111,144,1
111,145,915
111,146,14
111,147,2
111,148,4
111,149,11
111,151,3
111,152,10
111,154,1
111,157,45
111,158,25
111,169,1
111,170,1
112,113,11
112,114,285
112,115,4
112,116,4
112,117,272
112,118,394
112,119,200
112,120,9
112,121,11
112,122,16
112,123,68
112,125,9
112,126,1172
112,127,1
112,128,159
112,129,1
112,130,3
112,132,2
112,133,2
112,134,2
112,137,1
112,140,13
112,141,68
112,142,6
112,143,3
112,145,539
112,146,1
112,147,1
112,150,3
112,151,29
112,152,6
112,154,2
112,157,53
112,158,25
113,114,10
113,115,1
113,116,2
113,117,8
113,118,3
113,121,15
113,122,1
113,123,19
113,125,1
113,126,3
113,127,1
113,132,4
113,133,13
113,137,1
113,140,1
113,142,1
113,143,1
113,145,3
113,152,1
113,156,5
113,157,2025
113,158,108
113,159,1
113,170,1
114,115,3
114,116,4
114,117,40
114,118,23
114,119,255
114,120,5
114,121,9
114,122,12
114,123,124
114,125,19
114,126,538
114,128,506
114,129,6
114,130,918
114,131,1
114,132,18
114,133,14
114,134,3
114,135,10
114,136,8
114,137,1
114,139,1
114,140,72
114,141,92
114,142,438
114,143,47
114,144,10
114,145,47
114,146,2
114,147,1
114,150,365
114,151,67
114,152,72
114,154,7
114,157,377
114,158,50
114,170,4
115,116,2
115,118,17
115,119,5
115,120,1
115,121,2
115,122,8
115,124,1
115,125,1
115,126,3
115,129,1
115,132,1
115,134,3
115,137,1
115,140,1
115,141,3
115,142,1
115,145,8
115,146,12
115,147,1
115,149,1
115,151,2
115,157,7
115,158,13
115,159,1
115,170,1
116,117,3
116,118,1
116,119,6
116,120,1
116,121,4
116,122,2
116,123,4
116,125,4
116,126,1
116,128,1
116,129,1
116,130,5
116,132,5
116,133,1
116,134,1
116,135,1
116,137,3
116,140,5
116,141,2
116,142,1
116,143,8
116,144,2
116,145,2
116,146,1
116,150,2
116,151,1
116,152,9
116,157,22
116,158,11
116,170,1
117,118,71
117,119,37
117,120,87
117,122,8
117,123,322
117,125,5
117,126,54
117,128,25
117,129,1
117,130,4
117,131,1
117,132,1
117,134,2
117,135,2
117,136,2
117,137,22
117,138,7
117,140,27
117,141,3
117,142,2
117,143,6
117,144,2
117,145,98
117,152,1
117,157,34
117,158,7
117,169,1
118,119,53
118,121,9
118,122,3
118,123,12
118,125,9
118,126,127
118,128,15
118,130,1
118,134,8
118,135,3
118,136,1
118,138,1
118,140,97
118,141,3
118,142,5
118,144,2
118,145,295
118,146,13
118,149,1
118,151,1
118,157,27
118,158,21
118,169,1
118,170,1
118,171,1
119,120,30
119,121,5
119,122,19
119,123,20
119,125,32
119,126,198
119,128,91
119,130,228
119,131,2
119,132,18
119,133,1
119,134,3
119,137,1
119,138,2
119,140,13
119,141,48
119,142,104
119,143,23
119,145,240
119,146,2
119,150,5
119,151,26
119,152,28
119,154,1
119,157,124
119,158,10
119,170,3
120,122,15
120,123,264
120,125,9
120,126,31
120,128,5
120,129,1
120,130,16
120,132,16
120,134,3
120,135,2
120,137,67
120,138,22
120,140,3
120,141,5
120,142,7
120,143,5
120,145,3
120,152,1
120,157,14
120,158,1
121,122,36
121,123,10
121,124,2
121,125,99
121,126,23
121,127,3
121,128,1
121,129,2
121,130,17
121,131,1
121,132,20
121,133,24
121,134,1
121,135,7
121,136,3
121,137,5
121,139,36
121,140,2
121,141,2
121,143,67
121,144,3
121,145,260
121,146,3
121,147,1
121,148,2
121,149,9
121,152,4
121,154,10
121,156,583
121,157,1131
121,158,1371
121,159,61
121,160,34
121,161,1
121,162,6
121,163,2
121,164,14
121,169,5
121,170,26
121,171,41
121,172,4
121,174,8
122,123,108
122,125,393
122,126,7
122,127,4
122,128,5
122,130,11
122,131,11
122,132,3
122,134,1
122,137,71
122,138,1
122,139,15
122,143,179
122,145,200
122,146,2
122,147,34
122,148,2
122,149,37
122,152,11
122,153,3
122,157,116
122,158,45
122,174,1
123,125,152
123,126,24
123,128,28
123,129,3
123,130,77
123,132,28
123,134,5
123,135,8
123,136,14
123,137,55
123,138,89
123,140,117
123,141,4
123,142,19
123,143,194
123,144,7
123,145,110
123,148,1
123,149,1
123,150,7
123,151,2
123,152,25
123,156,5
123,157,84
123,158,61
123,169,1
123,170,6
123,171,8
124,129,1
124,135,26
124,136,19
124,143,1
124,144,9
124,145,1
124,154,2
124,157,2
124,158,13430
124,169,1591
124,170,98
124,171,28
124,174,668
125,126,27
125,128,6
125,130,202
125,132,3
125,134,3
125,137,6
125,139,8
125,143,320
125,145,165
125,146,2
125,147,4
125,148,1
125,149,9
125,152,5
125,153,1
125,156,5
125,157,71
125,158,49
126,128,55
126,130,79
126,134,6
126,137,36
126,140,2
126,141,370
126,142,5
126,143,3
126,145,418
126,146,2
126,147,1
126,148,2
126,149,3
126,150,4
126,151,270
126,152,4
126,156,1
126,157,72
126,158,42
126,159,1
126,164,1
126,173,894
127,131,4
127,139,36
127,143,12
127,146,2
127,147,1
127,148,2
127,149,11
127,153,74
127,157,1
127,158,44
128,130,12
128,131,1
128,132,2
128,135,1
128,136,2
128,138,1
128,140,4
128,141,149
128,142,53
128,143,9
128,145,46
128,150,30
128,151,52
128,152,21
128,154,1
128,157,5
129,130,4
129,133,1
129,135,3736
129,136,168
129,140,1300
129,142,1
129,144,627
129,157,53
129,158,92
129,169,27
129,170,65
129,171,175
129,174,1
130,132,12
130,133,1
130,134,1
130,137,9
130,138,3
130,140,14
130,141,21
130,142,35
130,143,576
130,145,4
130,150,12
130,151,9
130,152,23
130,154,6
130,157,38
130,158,10
131,139,5
131,143,4
131,145,4
131,146,2
131,147,4
131,148,11
131,149,21
131,152,8
131,153,2
131,154,1
131,157,3
131,158,3
132,133,1
132,134,1
132,137,13
132,138,2
132,141,2
132,142,2
132,143,23
132,145,3
132,150,1
132,151,1
132,152,24
132,154,41
132,157,72
132,158,141
132,170,15
132,174,3
133,142,3
133,143,5
133,150,5
133,152,5
133,157,1260
133,158,153
133,159,1
133,169,1
133,170,7
133,171,2
134,137,1
134,138,4
134,139,1
134,142,1
134,145,1
134,146,1
134,148,1
134,149,1
134,157,3
134,158,4
134,174,1
135,136,981
135,140,1783
135,142,1
135,144,5625
135,157,10
135,158,127
135,169,142
135,170,89
135,171,988
135,174,13
136,140,1987
136,141,1
136,142,1
136,144,8039
136,145,1
136,154,1
136,157,9
136,158,170
136,169,112
136,170,17
136,171,106
136,174,12
137,138,3
137,142,1
137,143,66
137,145,2
137,152,1
137,157,32
137,158,8
138,140,1
138,141,1
138,142,1
138,143,15
138,145,1
139,143,7
139,145,7
139,146,2
139,148,6
139,149,16
139,153,46
139,156,3
139,158,169
140,141,1
140,142,15
140,143,12
140,144,1400
140,145,1
140,150,6
140,151,1
140,152,18
140,154,11
140,157,11
140,158,85
140,169,81
140,170,49
140,171,62
140,174,44
141,142,3
141,143,10
141,145,4
141,150,10
141,151,1090
141,152,56
141,154,2
141,157,27
141,158,1
142,143,2
142,144,1
142,145,10
142,146,1
142,150,15
142,151,1
142,152,1
142,154,1
142,157,19
142,158,8
142,170,1
143,145,134
143,146,5
143,148,1
143,149,7
143,150,3
143,152,129
143,153,3
143,154,3
143,157,118
143,158,25
143,169,1
143,170,5
143,174,1
144,157,18
144,158,103
144,169,46
144,170,159
144,171,164
144,174,2
145,146,12
145,147,8
145,148,3
145,149,25
145,150,3
145,151,1
145,152,17
145,154,1
145,157,347
145,158,637
146,152,2
146,153,1
146,157,15
146,158,12
147,148,9
147,149,16
147,157,3
148,149,210
148,153,8
148,157,3
148,158,3
149,153,28
149,157,5
149,158,19
150,151,13
150,152,68
150,154,7
150,157,23
150,158,9
150,174,1
151,152,64
151,154,1
151,157,10
152,154,38
152,157,72
152,158,9
152,169,1
152,174,1
153,157,4
153,158,9
154,157,11
154,158,1265
154,169,39
154,170,86
154,171,47
154,174,42
155,169,1
155,171,1
156,157,145
156,158,275
156,159,60
156,160,34
156,161,1
156,162,7
156,163,2
156,164,14
156,170,2
156,171,8
156,172,4
156,174,3
157,158,5861
157,159,44
157,160,16
157,162,1
157,164,4
157,169,3
157,170,498
157,171,5
157,173,1
157,174,4
158,159,657
158,160,169
158,161,4
158,162,227
158,163,2
158,164,60
158,165,1
158,166,25
158,167,71
158,168,4
158,169,2844
158,170,5071
158,171,540
158,172,258
158,173,1
158,174,33225
159,160,69
159,161,3
159,162,28
159,164,27
159,165,3
159,166,6
159,168,4
159,169,25
159,170,13
159,171,14
159,173,1
159,174,8
160,161,1
160,162,29
160,164,14
160,165,1
160,166,3
160,167,2
160,169,2
160,170,3
160,171,13
160,172,3
160,174,8
161,162,17
161,165,90
161,166,15
161,167,49
162,164,5
162,165,9
162,166,9
162,167,75
162,169,3
162,170,4
162,171,2
162,174,2
164,168,1
164,170,4
164,171,3
164,172,1
164,173,1
165,166,18
165,167,84
166,167,44
167,169,2
167,170,5
169,170,1209
169,171,274
169,172,3
169,174,101
170,171,92
170,172,51
170,174,27
171,174,16
172,174,5
